Workbook

Sheet Datos
A1: Sampues - # 52-II-C-PZ-01 | E1: Finca el socorro (Ovejas) - # 44-II-D-PO-02 | H1: Ovejas - # 44-II-D-PO-05 | K1: Ovejas - # 44-II-D-PO-14 | N1: Los Palmitos - # 44-IV-B-PZ-01 Piñal | Q1: Morroa (Bremen) - # 44-IV-C-PZ-01 A | T1: Bremen - # 44-IV-C-PZ-01 B | W1: Las Tinas (Morroa) - # 44-IV-C-PZ-02 A | Z1: Las Tinas (Morroa) - # 44-IV-C-PZ-02 B | AC1: Arroyo salida a Betulia (Corozal) - # 44-IV-D-PZ-01 A | AF1: Arroyo salida a Betulia (Corozal) - # 44-IV-D-PZ-01 B | AI1: Sabanas de cali (El Tesoro) - # 44-IV-D-PZ-02 | AL1: Finca el tesoro - # 44-IV-D-PZ-04 | AO1: Basurero Viejo, Pileta (Corozal) - # 52-II-B-PZ-01 A | AR1: Basurero Viejo, Pileta (Corozal) - # 52-II-B-PZ-01 B | AU1: Insignares - # 44-IV-D-PO-02 | AX1: Corozal - # 44-IV-D-PO-14 | BA1: Corozal - # 44-IV-D-PZ-20 | BD1: Corozal - # 44-IV-D-PZ-22 | BG1: Cantagallo - # 52-II-A-PZ-01 Corozal | BJ1: Sampues - # 52-II-C-PZ-01
A2: Fecha Medida | B2: Nivel Estático (m) | C2: Nivel Piezometrico | E2: Fecha Medida | F2: Nivel Estático (m) | G2: Nivel Piezometrico | H2: Fecha Medida | I2: Nivel Estático (m) | J2: Nivel Piezometrico | K2: Fecha Medida | L2: Nivel Estático (m) | M2: Nivel Piezometrico | N2: Fecha Medida | O2: Nivel Estático (m) | P2: Nivel Piezometrico | Q2: Fecha Medida | R2: Nivel Estático (m) | S2: Nivel Piezometrico | T2: Fecha Medida | U2: Nivel Estático (m) | V2: Nivel Piezometrico | W2: Fecha Medida | X2: Nivel Estático (m) | Y2: Nivel Piezometrico | Z2: Fecha Medida | AA2: Nivel Estático (m) | AB2: Nivel Piezometrico | AC2: Fecha Medida | AD2: Nivel Estático (m) | AE2: Nivel Piezometrico | AF2: Fecha Medida | AG2: Nivel Estático (m) | AH2: Nivel Piezometrico | AI2: Fecha Medida | AJ2: Nivel Estático (m) | AK2: Nivel Piezometrico | AL2: Fecha Medida | AM2: Nivel Estático (m) | AN2: Nivel Piezometrico | AO2: Fecha Medida | AP2: Nivel Estático (m) | AQ2: Nivel Piezometrico | AR2: Fecha Medida | AS2: Nivel Estático (m) | AT2: Nivel Piezometrico | AU2: Fecha Medida | AV2: Nivel Estático (m) | AW2: Nivel Piezometrico | AX2: Fecha Medida | AY2: Nivel Estático (m) | AZ2: Nivel Piezometrico | BA2: Fecha Medida | BB2: Nivel Estático (m) | BC2: Nivel Piezometrico | BD2: Fecha Medida | BE2: Nivel Estático (m) | BF2: Nivel Piezometrico | BG2: Fecha Medida | BH2: Nivel Estático (m) | BI2: Nivel Piezometrico | BJ2: Fecha Medida | BK2: Nivel Estático (m) | BL2: Nivel Piezometrico
A3: 40224 | B3: 34.45 | C3: 140.55 | E3: 40254 | F3: 10.27436 | G3: 187.84 | H3: 41032 | I3: 13.72 | J3: 209.28 | K3: 40296 | L3: 8.11 | M3: 192.33 | N3: 40224 | O3: 72.08 | P3: 180.92 | Q3: 40190 | R3: 4.59 | S3: 165 | T3: 40190 | U3: 4.59 | V3: 165.55 | W3: 40184 | X3: 37.63 | Y3: 120.87 | Z3: 40227 | AA3: 2.89 | AB3: 146.32 | AC3: 40214 | AD3: 43.56 | AE3: 113.03 | AF3: 40227 | AG3: 6.94 | AH3: 137.36 | AI3: Fecha Medida | AJ3: Nivel Estático (m) | AK3: 118.21 | AL3: 40190 | AM3: 59.55 | AN3: 127.37 | AO3: 40214 | AP3: 36.1 | AQ3: 134.39 | AR3: 37617 | AS3: 23.73 | AT3: 140.92 | AU3: 37155 | AV3: 71.08 | AW3: 90.16 | AX3: 40214 | AY3: 61.48 | AZ3: 102.62 | BA3: 38364 | BB3: 10.8 | BC3: 130.58 | BD3: 40190 | BE3: 66.24 | BF3: 101.46 | BG3: 40214 | BH3: 34.17 | BI3: 136.83 | BJ3: 40224 | BK3: 34.45 | BL3: 140.55
A4: 40235 | B4: 34.98 | C4: 140.02 | E4: 40377 | F4: 10.22 | G4: 187.66 | H4: 41401 | I4: 17.69 | J4: 205.31 | K4: 40433 | L4: 8.34 | M4: 189.52 | N4: 40235 | O4: 72.5 | P4: 180.5 | Q4: 40238 | R4: 6.4 | S4: 164.97 | T4: 40238 | U4: 6.96 | V4: 165.45 | W4: 40313 | X4: 36.87 | Y4: 121.25 | Z4: 40372 | AA4: 2.93 | AB4: 145.74 | AC4: 40235 | AD4: 44.35 | AE4: 114.89 | AF4: 40372 | AG4: 7.3 | AH4: 137.09 | AI4: 40190 | AJ4: 89.7 | AK4: 118.21 | AL4: 40238 | AM4: 60.06 | AN4: 127.48 | AO4: 40235 | AP4: 36.3 | AQ4: 133.81 | AR4: 37635 | AS4: 24.36 | AT4: 140.29 | AU4: 37169 | AV4: 71.04 | AW4: 90.2 | AX4: 40235 | AY4: 62.56 | AZ4: 102.28 | BA4: 38378 | BB4: 10.94 | BC4: 130.44 | BD4: 40235 | BE4: 66.9 | BF4: 101.46 | BG4: 40224 | BH4: 33.81 | BI4: 137.19 | BJ4: 40235 | BK4: 34.98 | BL4: 140.02
A5: 40287 | B5: 33.85 | C5: 141.15 | E5: 40531 | F5: 10.23 | G5: 188.58 | H5: 41506 | I5: 16.28 | J5: 206.72 | K5: 40636 | L5: 8.5 | M5: 188.17 | N5: 40242 | O5: 72.5 | P5: 180.5 | Q5: 40287 | R5: 5.76 | S5: 165.02 | T5: 40287 | U5: 5.54 | V5: 165.39 | W5: 40494 | X5: 36.21 | Y5: 121.15 | Z5: 40540 | AA5: 2.96 | AB5: 146.22 | AC5: 40287 | AD5: 43.86 | AE5: 113.18 | AF5: 40540 | AG5: 7.49 | AH5: 136.82 | AI5: 40242 | AJ5: 91.01 | AK5: 118.41 | AL5: 40242 | AM5: 61.16 | AN5: 127.5 | AO5: 40287 | AP5: 36.55 | AQ5: 134.28 | AR5: 37642 | AS5: 23.03 | AT5: 141.62 | AU5: 37180 | AV5: 71.11 | AW5: 90.13 | AX5: 40287 | AY5: 62.5 | AZ5: 102.3 | BA5: 38442 | BB5: 11.16 | BC5: 130.22 | BD5: 40287 | BE5: 66.98 | BF5: 101.46 | BG5: 40235 | BH5: 34.2 | BI5: 136.8 | BJ5: 40287 | BK5: 33.85 | BL5: 141.15
A6: 40305 | B6: 34.87 | C6: 140.13 | E6: 40607 | F6: 10.232 | G6: 188.45 | H6: 41556 | I6: 16.85 | J6: 206.15 | K6: 40848 | L6: 8.79 | M6: 190.87 | N6: 40287 | O6: 71.98 | P6: 181.02 | Q6: 40331 | R6: 5.71 | S6: 164.9 | T6: 40331 | U6: 5.61 | V6: 165.59 | W6: 40506 | X6: 37.25 | Y6: 121.36 | Z6: 40640 | AA6: 3.13 | AB6: 145.79 | AC6: 40305 | AD6: 43.57 | AE6: 114.46 | AF6: 40575 | AG6: 7.6 | AH6: 137.08 | AI6: 40244 | AJ6: 91.02 | AK6: 118.32 | AL6: 40243 | AM6: 61.14 | AN6: 127.47 | AO6: 40305 | AP6: 36.36 | AQ6: 134.37 | AR6: 37720 | AS6: 24.01 | AT6: 140.64 | AU6: 37232 | AV6: 71.32 | AW6: 89.92 | AX6: 40305 | AY6: 62.34 | AZ6: 102.16 | BA6: 38446 | BB6: 11.03 | BC6: 130.35 | BD6: 40305 | BE6: 66.81 | BF6: 101.44 | BG6: 40242 | BH6: 34.8 | BI6: 136.2 | BJ6: 40305 | BK6: 34.87 | BL6: 140.13
A7: 40331 | B7: 34.07 | C7: 140.93 | E7: 40766 | F7: 10.2 | G7: 188.54 | H7: 41617 | I7: 15.25 | J7: 207.75 | K7: 40953 | L7: 8.63 | M7: 189.4 | N7: 40331 | O7: 71.78 | P7: 181.22 | Q7: 40393 | R7: 5.65 | S7: 164.94 | T7: 40393 | U7: 5.3 | V7: 165.4 | W7: 40660 | X7: 36.71 | Y7: 121.03 | Z7: 40810 | AA7: 2.94 | AB7: 145.79 | AC7: 40331 | AD7: 43.63 | AE7: 114.15 | AF7: 40679 | AG7: 7.65 | AH7: 136.85 | AI7: 40245 | AJ7: 91.02 | AK7: 118.4 | AL7: 40244 | AM7: 61.16 | AN7: 127.38 | AO7: 40331 | AP7: 36.45 | AQ7: 134.07 | AR7: 37726 | AS7: 24.16 | AT7: 140.49 | AU7: 37244 | AV7: 72.27 | AW7: 88.97 | AX7: 40331 | AY7: 62.6 | AZ7: 102.35 | BA7: 38453 | BB7: 11.06 | BC7: 130.32 | BD7: 40331 | BE7: 66.87 | BF7: 101.34 | BG7: 40287 | BH7: 33.79 | BI7: 137.21 | BJ7: 40331 | BK7: 34.07 | BL7: 140.93
A8: 40417 | B8: 34.55 | C8: 140.45 | E8: 40985 | F8: 10.19 | G8: 188.11 | H8: 41683 | I8: 16 | J8: 185 | K8: 41032 | L8: 8.67 | M8: 190.62 | N8: 40312 | O8: 71.76 | P8: 181.24 | Q8: 40498 | R8: 5.18 | S8: 164.96 | T8: 40498 | U8: 4.66 | V8: 165.37 | W8: 40857 | X8: 36.91 | Y8: 120.94 | Z8: 40899 | AA8: 3.24 | AB8: 145.76 | AC8: 40393 | AD8: 44.25 | AE8: 115.03 | AF8: 40745 | AG8: 7.69 | AH8: 136.78 | AI8: 40253 | AJ8: 91.06 | AK8: 118.22 | AL8: 40245 | AM8: 61.16 | AN8: 127.49 | AO8: 40394 | AP8: 36 | AQ8: 134.29 | AR8: 37732 | AS8: 24.01 | AT8: 140.64 | AU8: 37246 | AV8: 72.27 | AW8: 88.97 | AX8: 40393 | AY8: 63.08 | AZ8: 102.2 | BA8: 38462 | BB8: 11.28 | BC8: 130.1 | BD8: 40393 | BE8: 67.12 | BF8: 101.54 | BG8: 40351 | BH8: 33.75 | BI8: 137.25 | BJ8: 40417 | BK8: 34.55 | BL8: 140.45
A9: 40575 | B9: 34.65 | C9: 140.35 | E9: 41113 | F9: 10.11 | G9: 188.17 | H9: 41764 | I9: 15.26 | J9: 185.74 | K9: 41506 | L9: 11.48 | M9: 191.43 | N9: 40393 | O9: 71.9 | P9: 181.1 | Q9: 40777 | R9: 4.77 | S9: 165.55 | T9: 40777 | U9: 4.85 | V9: 165.14 | W9: 40934 | X9: 36.73 | Y9: 121.1 | Z9: 40934 | AA9: 3.11 | AB9: 146.13 | AC9: 40417 | AD9: 43.93 | AE9: 113.55 | AF9: 40777 | AG9: 7.65 | AH9: 136.81 | AI9: 40269 | AJ9: 91.14 | AK9: 118.37 | AL9: 40246 | AM9: 61.16 | AN9: 127.47 | AO9: 40417 | AP9: 36.12 | AQ9: 134.19 | AR9: 37734 | AS9: 24.19 | AT9: 140.46 | AU9: 37251 | AV9: 72.27 | AW9: 88.97 | AX9: 40403 | AY9: 63.1 | AZ9: 102.9 | BA9: 38467 | BB9: 11.4 | BC9: 129.98 | BD9: 40575 | BE9: 67.24 | BF9: 101.05 | BG9: 40305 | BH9: 34.29 | BI9: 136.71 | BJ9: 40575 | BK9: 34.65 | BL9: 140.35
A10: 40679 | B10: 34.57 | C10: 140.43 | E10: 41225 | F10: 10.13 | G10: 188.55 | H10: 41793 | I10: 16.12 | J10: 184.88 | K10: 41556 | L10: 12.83 | M10: 189.68 | N10: 40417 | O10: 71.9 | P10: 181.1 | Q10: 40814 | R10: 4.61 | S10: 164.98 | T10: 40814 | U10: 4.65 | V10: 165.01 | W10: 41025 | X10: 37.83 | Y10: 121.43 | Z10: 41025 | AA10: 3.05 | AB10: 145.98 | AC10: 40498 | AD10: 44.1 | AE10: 113.58 | AF10: 40800 | AG10: 7.68 | AH10: 137.01 | AI10: 40278 | AJ10: 91.19 | AK10: 118.22 | AL10: 40247 | AM10: 61.15 | AN10: 127.46 | AO10: 40498 | AP10: 35.44 | AQ10: 134.07 | AR10: 37735 | AS10: 24.18 | AT10: 140.47 | AU10: 37258 | AV10: 72.25 | AW10: 88.99 | AX10: 40575 | AY10: 62.92 | AZ10: 102.03 | BA10: 38474 | BB10: 11.32 | BC10: 130.06 | BD10: 40679 | BE10: 67.74 | BF10: 101.13 | BG10: 40393 | BH10: 33.84 | BI10: 137.16 | BJ10: 40679 | BK10: 34.57 | BL10: 140.43
A11: 40745 | B11: 34.54 | C11: 140.46 | E11: 41401 | F11: 10.16 | G11: 188.48 | H11: 41877 | I11: 16.89 | J11: 184.11 | K11: 41617 | L11: 10.13 | M11: 187.79 | N11: 40575 | O11: 71.52 | P11: 181.48 | Q11: 40834 | R11: 4.65 | S11: 164.88 | T11: 40834 | U11: 4.76 | V11: 165.25 | W11: 41059 | X11: 38.8 | Y11: 121.39 | Z11: 41059 | AA11: 2.84 | AB11: 145.96 | AC11: 40575 | AD11: 44.21 | AE11: 114.02 | AF11: 40814 | AG11: 7.7 | AH11: 136.88 | AI11: 40283 | AJ11: 91.22 | AK11: 118.09 | AL11: 40248 | AM11: 61.15 | AN11: 127.51 | AO11: 40575 | AP11: 34.75 | AQ11: 134.27 | AR11: 37746 | AS11: 24.01 | AT11: 140.64 | AU11: 37280 | AV11: 72.18 | AW11: 89.06 | AX11: 40679 | AY11: 62.9 | AZ11: 102.8 | BA11: 38524 | BB11: 11.4 | BC11: 129.98 | BD11: 40745 | BE11: 67.94 | BF11: 100.89 | BG11: 40417 | BH11: 33.9 | BI11: 137.1 | BJ11: 40745 | BK11: 34.54 | BL11: 140.46
A12: 40777 | B12: 34.39 | C12: 140.61 | E12: 41506 | F12: 10.34 | G12: 187.65 | H12: 41906 | I12: 17.21 | J12: 183.79 | K12: 41683 | L12: 11.6 | M12: 187.55 | N12: 40745 | O12: 71.59 | P12: 181.41 | Q12: 40911 | R12: 4.6 | S12: 164.97 | T12: 40911 | U12: 4.7 | V12: 165.55 | W12: 41072 | X12: 39.04 | Y12: 121.35 | Z12: 41072 | AA12: 2.8 | AB12: 146.08 | AC12: 40679 | AD12: 44.49 | AE12: 115.4 | AF12: 40834 | AG12: 7.7 | AH12: 137.14 | AI12: 40284 | AJ12: 91.2 | AK12: 118.35 | AL12: 40249 | AM12: 61.15 | AN12: 127.47 | AO12: 40679 | AP12: 34.79 | AQ12: 134.34 | AR12: 37748 | AS12: 23.95 | AT12: 140.7 | AU12: 37299 | AV12: 72.5 | AW12: 88.74 | AX12: 40679 | AY12: 62.9 | AZ12: 102.01 | BA12: 38538 | BB12: 11.2 | BC12: 130.18 | BD12: 40777 | BE12: 67.7 | BF12: 101.15 | BG12: 40575 | BH12: 33.53 | BI12: 137.47 | BJ12: 40777 | BK12: 34.39 | BL12: 140.61
A13: 40800 | B13: 34.1 | C13: 140.9 | E13: 41556 | F13: 9.42 | G13: 187.25 | H13: 41976 | I13: 15.16 | J13: 185.84 | K13: 41764 | L13: 10.38 | M13: 191.13 | N13: 40777 | O13: 71.7 | P13: 181.3 | Q13: 40967 | R13: 4.95 | S13: 165 | T13: 40967 | U13: 5.2 | V13: 165.55 | W13: 41171 | X13: 40.35 | Y13: 120.76 | Z13: 41171 | AA13: 2.63 | AB13: 146.04 | AC13: 40745 | AD13: 44.79 | AE13: 114.06 | AF13: 40911 | AG13: 6.75 | AH13: 137.2 | AI13: 40501 | AJ13: 92.19 | AK13: 118.28 | AL13: 40250 | AM13: 61.15 | AN13: 127.44 | AO13: 40745 | AP13: 34.49 | AQ13: 134.28 | AR13: 37749 | AS13: 23.93 | AT13: 140.72 | AU13: 37305 | AV13: 72.57 | AW13: 88.67 | AX13: 40745 | AY13: 63.09 | AZ13: 102.72 | BA13: 38596 | BB13: 11.36 | BC13: 130.02 | BD13: 40800 | BE13: 67.5 | BF13: 101 | BG13: 40679 | BH13: 34.29 | BI13: 136.71 | BJ13: 40800 | BK13: 34.1 | BL13: 140.9
A14: 40814 | B14: 34.19 | C14: 140.81 | E14: 41617 | F14: 9.55 | G14: 187.58 | H14: 42009 | I14: 16.17 | J14: 184.83 | K14: 41793 | L14: 9.57 | M14: 190.01 | N14: 40814 | O14: 71.64 | P14: 181.36 | Q14: 41011 | R14: 5.1 | S14: 164.88 | T14: 41011 | U14: 5.35 | V14: 165.55 | W14: 41228 | X14: 45.58 | Y14: 121.15 | Z14: 41235 | AA14: 2.78 | AB14: 145.68 | AC14: 40777 | AD14: 44.49 | AE14: 113.64 | AF14: 40934 | AG14: 6.94 | AH14: 137.15 | AI14: 40502 | AJ14: 92.2 | AK14: 118.36 | AL14: 40251 | AM14: 61.15 | AN14: 127.47 | AO14: 40777 | AP14: 34.39 | AQ14: 134.65 | AR14: 37750 | AS14: 23.96 | AT14: 140.69 | AU14: 37313 | AV14: 72.34 | AW14: 88.9 | AX14: 40777 | AY14: 63.45 | AZ14: 102.68 | BA14: 38592 | BB14: 11.41 | BC14: 129.97 | BD14: 40814 | BE14: 67.48 | BF14: 100.8 | BG14: 40745 | BH14: 34.39 | BI14: 136.61 | BJ14: 40814 | BK14: 34.19 | BL14: 140.81
A15: 40834 | B15: 34.15 | C15: 140.85 | E15: 41647 | F15: 9.46 | G15: 188.29 | H15: 42255 | I15: 14.3 | J15: 186.7 | K15: 41830 | L15: 11.32 | M15: 188.1 | N15: 40834 | O15: 71.55 | P15: 181.45 | Q15: 41072 | R15: 4.65 | S15: 165.04 | T15: 41072 | U15: 5.22 | V15: 165.47 | W15: 41235 | X15: 40.44 | Y15: 122.52 | Z15: 41278 | AA15: 3.16 | AB15: 145.91 | AC15: 40800 | AD15: 44.43 | AE15: 113.46 | AF15: 40963 | AG15: 7.34 | AH15: 137.43 | AI15: 40503 | AJ15: 92.2 | AK15: 117.93 | AL15: 40252 | AM15: 61.15 | AN15: 127.39 | AO15: 40800 | AP15: 34.27 | AQ15: 134.74 | AR15: 37755 | AS15: 24.09 | AT15: 140.56 | AU15: 37321 | AV15: 72.41 | AW15: 88.83 | AX15: 40800 | AY15: 63.46 | AZ15: 102.67 | BA15: 38629 | BB15: 11.35 | BC15: 130.03 | BD15: 40834 | BE15: 67.45 | BF15: 100.74 | BG15: 40777 | BH15: 34.49 | BI15: 136.51 | BJ15: 40834 | BK15: 34.15 | BL15: 140.85
... A23: 41278 | B23: 35.2 | C23: 139.8 | E23: 41976 | F23: 9.71 | G23: 186.34 | H23: 43122 | I23: 12.22 | J23: 188.78 | K23: 42292 | L23: 11.98 | M23: 189.73 | N23: 41235 | O23: 71.6 | P23: 181.4 | Q23: 41683 | R23: 4.91 | S23: 165.59 | T23: 41683 | U23: 5.26 | V23: 164.84 | W23: 41647 | X23: 41.1 | Y23: 121 | Z23: 41683 | AA23: 3.06 | AB23: 145.97 | AC23: 41059 | AD23: 43.95 | AE23: 114.64 | AF23: 42512 | AG23: 6.7 | AH23: 136.46 | AI23: 40542 | AJ23: 92.36 | AK23: 118.05 | AL23: 40260 | AM23: 61.16 | AN23: 128.68 | AO23: 41072 | AP23: 35.35 | AQ23: 133.77 | AR23: 37823 | AS23: 24.18 | AT23: 140.47 | AU23: 37396 | AV23: 72.27 | AW23: 88.97 | AX23: 41059 | AY23: 64.16 | AZ23: 103.69 | BA23: 38849 | BB23: 10.51 | BC23: 130.87 | BD23: 41098 | BE23: 68.25 | BF23: 101.64 | BG23: 41059 | BH23: 34.7 | BI23: 136.3 | BJ23: 41278 | BK23: 35.2 | BL23: 139.8
A24: 41401 | B24: 35.43 | C24: 139.57 | E24: 42009 | F24: 10.648333 | G24: 188.24 | K24: 42353 | L24: 12.32 | M24: 190.9 | N24: 41278 | O24: 71.67 | P24: 181.33 | Q24: 41744 | R24: 5.56 | S24: 165.58 | T24: 41744 | U24: 5.52 | V24: 164.88 | W24: 41683 | X24: 41.19 | Y24: 120.98 | Z24: 41731 | AA24: 3.31 | AB24: 146.44 | AC24: 41171 | AD24: 45.18 | AE24: 114.63 | AF24: 42702 | AG24: 6.58 | AH24: 136.5 | AI24: 40543 | AJ24: 92.39 | AK24: 118.03 | AL24: 40261 | AM24: 61.16 | AN24: 128.61 | AO24: 41191 | AP24: 35.62 | AQ24: 133.64 | AR24: 37831 | AS24: 24.2 | AT24: 140.45 | AU24: 37421 | AV24: 71.63 | AW24: 89.61 | AX24: 41072 | AY24: 63.24 | AZ24: 104.1 | BA24: 38909 | BB24: 11.03 | BC24: 130.35 | BD24: 41235 | BE24: 68.79 | BF24: 101.63 | BG24: 41073 | BH24: 34.64 | BI24: 136.36 | BJ24: 41401 | BK24: 35.43 | BL24: 139.57
A25: 41437 | B25: 35.5 | C25: 139.5 | E25: 42157 | F25: 10.55 | G25: 188.29 | K25: 42387 | L25: 13.47 | M25: 191.54 | N25: 41368 | O25: 71.88 | P25: 181.12 | Q25: 41764 | R25: 5.09 | S25: 165.55 | T25: 41764 | U25: 5.48 | V25: 164.92 | W25: 41731 | X25: 41.1 | Y25: 120.81 | Z25: 41764 | AA25: 2.96 | AB25: 146.02 | AC25: 41191 | AD25: 45.24 | AE25: 114.61 | AF25: 42865 | AG25: 5.83 | AH25: 136.44 | AI25: 40544 | AJ25: 92.4 | AK25: 118.02 | AL25: 40262 | AM25: 61.16 | AN25: 128.55 | AO25: 41228 | AP25: 35.75 | AQ25: 133.5 | AR25: 37839 | AS25: 24.22 | AT25: 140.43 | AU25: 37424 | AV25: 71.64 | AW25: 89.6 | AX25: 41098 | AY25: 64.35 | AZ25: 104.49 | BA25: 38960 | BB25: 11.27 | BC25: 130.11 | BD25: 41278 | BE25: 69.1 | BF25: 101.18 | BG25: 41228 | BH25: 34.57 | BI25: 136.43 | BJ25: 41437 | BK25: 35.5 | BL25: 139.5
A26: 41471 | B26: 35.58 | C26: 139.42 | E26: 42220 | F26: 11.2 | G26: 198 | K26: 42429 | L26: 13.02 | M26: 192.13 | N26: 41397 | O26: 71.82 | P26: 181.18 | Q26: 41793 | R26: 5.05 | S26: 165.4 | T26: 41793 | U26: 5.48 | V26: 164.63 | W26: 41764 | X26: 41.44 | Y26: 120.8 | Z26: 41793 | AA26: 2.94 | AB26: 146.01 | AC26: 41228 | AD26: 45.58 | AE26: 114.68 | AF26: 42887 | AG26: 6.9 | AH26: 136.43 | AI26: 40745 | AJ26: 91.55 | AK26: 117.99 | AL26: 40263 | AM26: 61.17 | AN26: 129.05 | AO26: 41278 | AP26: =(AP25+AP27)/2 -> 36.125 | AQ26: 133.43 | AR26: 37845 | AS26: 24.25 | AT26: 140.4 | AU26: 37431 | AV26: 71.64 | AW26: 89.6 | AX26: 41171 | AY26: 64.46 | AZ26: 104.74 | BA26: 38999 | BB26: 11.13 | BC26: 130.25 | BD26: 41368 | BE26: 69.45 | BF26: 100.99 | BG26: 41278 | BH26: 34.74 | BI26: 136.26 | BJ26: 41471 | BK26: 35.58 | BL26: 139.42
A27: 41506 | B27: 35.55 | C27: 139.45 | E27: 42255 | F27: 11.26 | G27: 198 | K27: 42471 | L27: 12.32 | M27: 193.89 | N27: 41437 | O27: 71.75 | P27: 181.25 | Q27: 42221 | R27: 5.89 | S27: 165.2 | T27: 42221 | U27: 5.73 | V27: 164.6 | W27: 41793 | X27: 41.56 | Y27: 120.77 | Z27: 41877 | AA27: 2.77 | AB27: 145.96 | AC27: 41235 | AD27: 45.41 | AE27: 114.64 | AF27: 43011 | AG27: 5.18 | AH27: 136.42 | AI27: 40777 | AJ27: 91.34 | AK27: 118.17 | AL27: 40264 | AM27: 61.17 | AN27: 129.02 | AO27: 41368 | AP27: 36.5 | AQ27: 133.22 | AR27: 37873 | AS27: 24.17 | AT27: 140.48 | AU27: 37440 | AV27: 71.73 | AW27: 89.51 | AX27: 41191 | AY27: 64.56 | AZ27: 104.67 | BA27: 39107 | BB27: 11.21 | BC27: 130.17 | BD27: 41401 | BE27: 69.22 | BF27: 100.86 | BG27: 41368 | BH27: 34.97 | BI27: 136.03 | BJ27: 41506 | BK27: 35.55 | BL27: 139.45
A28: 41617 | B28: 35.85 | C28: 139.15 | E28: 42292 | F28: 11.25 | G28: 198 | K28: 42557 | L28: 11.27 | M28: 194.51 | N28: 41471 | O28: 71.74 | P28: 181.26 | Q28: 42306 | R28: 5.36 | S28: 165.1 | T28: 42306 | U28: 5.38 | V28: 164.52 | W28: 41877 | X28: 41.96 | Y28: 120.75 | Z28: 41936 | AA28: 2.53 | AB28: 145.97 | AC28: 41278 | AD28: 45.76 | AE28: 114.83 | AF28: 43123 | AG28: 6.91 | AH28: 136.33 | AI28: 40814 | AJ28: 91.29 | AK28: 118.02 | AL28: 40265 | AM28: 61.16 | AN28: 128.82 | AO28: 41401 | AP28: 36.79 | AQ28: 133.38 | AR28: 37901 | AS28: 24.1 | AT28: 140.55 | AU28: 37448 | AV28: 71.94 | AW28: 89.3 | AX28: 41235 | AY28: 64.75 | AZ28: 104.05 | BA28: 39213 | BB28: 11.41 | BC28: 129.97 | BD28: 41437 | BE28: 69.79 | BF28: 100.79 | BG28: 41401 | BH28: 35.14 | BI28: 135.86 | BJ28: 41617 | BK28: 35.85 | BL28: 139.15
A29: 41647 | B29: 36.54 | C29: 138.46 | E29: 42353 | F29: 11.026 | G29: 198 | K29: 42591 | L29: 10.1 | M29: 194.93 | N29: 41506 | O29: 72.02 | P29: 180.98 | Q29: 42387 | R29: 5.78 | S29: 165.15 | T29: 42387 | U29: 5.61 | V29: 164.66 | W29: 41936 | X29: 42.11 | Y29: 120.74 | Z29: 42009 | AA29: 3 | AB29: 145.95 | AC29: 41368 | AD29: 46.02 | AE29: 113.83 | AF29: 43558 | AG29: 6.95 | AH29: 136.43 | AI29: 40834 | AJ29: 91.3 | AK29: 118.07 | AL29: 40266 | AM29: 61.15 | AN29: 128.8 | AO29: 41437 | AP29: 36.97 | AQ29: 133.32 | AR29: 37936 | AS29: 24.33 | AT29: 140.32 | AU29: 37453 | AV29: 72.03 | AW29: 89.21 | AX29: 41278 | AY29: 65 | AZ29: 104.03 | BA29: 39939 | BB29: 11.34 | BC29: 130.04 | BD29: 41471 | BE29: 69.91 | BF29: 100.82 | BG29: 41437 | BH29: 35.24 | BI29: 135.76 | BJ29: 41647 | BK29: 36.54 | BL29: 138.46
A30: 41683 | B30: 36.72 | C30: 138.28 | E30: 42429 | F30: 11.25 | G30: 188.18 | K30: 42858 | L30: 9.46 | M30: 195.54 | N30: 41555 | O30: 72.01 | P30: 180.99 | Q30: 42429 | R30: 5.63 | S30: 165.47 | T30: 42429 | U30: 5.67 | V30: 165.1 | W30: 42009 | X30: 42.1 | Y30: 120.4 | Z30: 42109 | AA30: 2.65 | AB30: 145.44 | AC30: 41401 | AD30: 46.12 | AE30: 113.93 | AF30: 44008 | AG30: 7.27 | AH30: 136.38 | AI30: 40864 | AJ30: 91.3 | AK30: 118.01 | AL30: 40267 | AM30: 61.16 | AN30: 128.81 | AO30: 41471 | AP30: 36.99 | AQ30: 133.49 | AR30: 37951 | AS30: 24.3 | AT30: 140.35 | AU30: 37459 | AV30: 72.1 | AW30: 89.14 | AX30: 41368 | AY30: 65.23 | AZ30: 103.87 | BA30: 40049 | BB30: 11.47 | BC30: 129.91 | BD30: 41506 | BE30: 69.9 | BF30: 100.76 | BG30: 41471 | BH30: 35.31 | BI30: 135.69 | BJ30: 41683 | BK30: 36.72 | BL30: 138.28
A31: 41764 | B31: 36.95 | C31: 138.05 | E31: 42471 | F31: 11.66 | G31: 198 | K31: 42888 | L31: 8.87 | M31: 195.37 | N31: 41556 | O31: 71.96 | P31: 181.04 | Q31: 42471 | R31: 5.77 | S31: 165.35 | T31: 42471 | U31: 6 | V31: 164.9 | W31: 42109 | X31: 42.37 | Y31: 120.4 | Z31: 42220 | AA31: 3.3 | AB31: 145.72 | AC31: 41437 | AD31: 46.37 | AE31: 113.98 | AF31: 43952 | AG31: 7.38 | AH31: 136.36 | AI31: 40889 | AJ31: 91.3 | AK31: 117.94 | AL31: 40268 | AM31: 61.17 | AN31: 128.96 | AO31: 41506 | AP31: 37.13 | AQ31: 133.34 | AR31: 37993 | AS31: 24.43 | AT31: 140.22 | AU31: 37466 | AV31: 72.28 | AW31: 88.96 | AX31: 41401 | AY31: 65.4 | AZ31: 103.85 | BA31: 40099 | BB31: 12.53 | BC31: 128.85 | BD31: 41555 | BE31: 70.2 | BF31: 100.64 | BG31: 41506 | BH31: 35.32 | BI31: 135.68 | BJ31: 41764 | BK31: 36.95 | BL31: 138.05
A32: 41793 | B32: 36.98 | C32: 138.02 | E32: 42557 | F32: 9.76 | K32: 43122 | L32: 7.11 | N32: 41617 | O32: 72.14 | P32: 180.86 | Q32: 42611 | R32: 5.63 | S32: 165.37 | T32: 42611 | U32: 6.68 | V32: 164.84 | W32: 42220 | X32: 42.51 | Y32: 119.55 | Z32: 42306 | AA32: 2.72 | AB32: 145.95 | AC32: 41471 | AD32: 46.57 | AE32: 113.98 | AF32: 44440 | AG32: 6.89 | AH32: 136.43 | AI32: 40911 | AJ32: 91.3 | AK32: 118 | AL32: 40269 | AM32: 61.17 | AN32: 128.86 | AO32: 41555 | AP32: 37.18 | AQ32: 133.3 | AR32: 38078 | AS32: 24.4 | AT32: 140.25 | AU32: 37474 | AV32: 72.08 | AW32: 89.16 | AX32: 41437 | AY32: 65.7 | AZ32: 103.79 | BA32: 40190 | BB32: 11.7 | BC32: 129.68 | BD32: 41556 | BE32: 70.17 | BF32: 101.1 | BG32: 41556 | BH32: 35.41 | BI32: 135.59 | BJ32: 41793 | BK32: 36.98 | BL32: 138.02
A33: 41830 | B33: 37.03 | C33: 137.97 | E33: 42591 | F33: 9.71 | K33: 43263 | L33: 6.49 | N33: 41647 | O33: 72.12 | P33: 180.88 | Q33: 42781 | R33: 5.86 | S33: 165.4 | T33: 42781 | U33: 6.96 | V33: 164.88 | W33: 42306 | X33: 42.79 | Y33: 120.61 | Z33: 42353 | AA33: 3.26 | AB33: 146.71 | AC33: 41506 | AD33: 46.46 | AE33: 113.96 | AF33: 44600 | AG33: 7.43 | AH33: 136.33 | AI33: 40967 | AJ33: 91.25 | AK33: 117.99 | AL33: 40270 | AM33: 61.17 | AN33: 128.85 | AO33: 41556 | AP33: 37.18 | AQ33: 132.7 | AR33: 38105 | AS33: 24.12 | AT33: 140.53 | AU33: 37480 | AV33: 72.1 | AW33: 89.14 | AX33: 41471 | AY33: 65.43 | AZ33: 104.54 | BA33: 40238 | BB33: 13 | BC33: 128.38 | BD33: 41617 | BE33: 70.57 | BF33: 101.07 | BG33: 41617 | BH33: 35.57 | BI33: 135.43 | BJ33: 41830 | BK33: 37.03 | BL33: 137.97
A34: 41976 | B34: 36.98 | C34: 138.02 | E34: 42768 | F34: 9.735 | K34: 43297 | L34: 6.07 | N34: 41683 | O34: 72.3 | P34: 180.7 | Q34: 42888 | R34: 5.92 | S34: 165.3 | T34: 42888 | U34: 5.33 | V34: 164.95 | W34: 42353 | X34: =(X33+X35)/2 -> 42.845 | Y34: 120.38 | Z34: 42387 | AA34: 3.36 | AB34: 146.85 | AC34: 41555 | AD34: 46.6 | AE34: 114.21 | AF34: 44845 | AG34: 8.63 | AH34: 137.03 | AI34: 41017 | AJ34: 91 | AK34: 118.05 | AL34: 40271 | AM34: 61.17 | AN34: 129.02 | AO34: 41617 | AP34: 37.15 | AQ34: 132.72 | AR34: 38117 | AS34: 24.1 | AT34: 140.55 | AU34: 37488 | AV34: 71.65 | AW34: 89.59 | AX34: 41506 | AY34: 65.42 | AZ34: 103.88 | BA34: 40777 | BB34: 10.43 | BC34: 130.95 | BD34: 41659 | BE34: 70.79 | BF34: 101.04 | BG34: 41647 | BH34: 35.72 | BI34: 135.28 | BJ34: 41976 | BK34: 36.98 | BL34: 138.02
A35: 42020 | B35: 38.76 | C35: 136.24 | E35: 42888 | F35: 9.7225 | K35: 43559 | L35: 5.46 | N35: 41764 | O35: 72.52 | P35: 180.48 | Q35: 43011 | R35: 5.4 | S35: 165.33 | T35: 43011 | U35: 4.71 | V35: 164.96 | W35: 42387 | X35: 42.9 | Y35: 120.33 | Z35: 42429 | AA35: 3.36 | AB35: 146.9 | AC35: 41556 | AD35: 46.57 | AE35: 114.28 | AF35: 45078 | AG35: 8.98 | AH35: 137.75 | AI35: 41072 | AJ35: 91.15 | AK35: 118.02 | AL35: 40272 | AM35: 61.17 | AN35: 128.92 | AO35: 41647 | AP35: 37.2 | AQ35: 132.7 | AR35: 38133 | AS35: 24.09 | AT35: 140.56 | AU35: 37494 | AV35: 71.53 | AW35: 89.71 | AX35: 41555 | AY35: 65.46 | AZ35: 103.92 | BA35: 41025 | BB35: 11 | BC35: 130.38 | BD35: 41683 | BE35: 71.01 | BF35: 100.91 | BG35: 41683 | BH35: 35.9 | BI35: 135.1 | BJ35: 42110 | BK35: 38.76 | BL35: 136.24
A36: 42099 | B36: 38.19 | C36: 136.81 | E36: 43177 | F36: 9.89 | K36: 43588 | L36: 5.63 | N36: 41793 | O36: 72.6 | P36: 180.4 | Q36: 43558 | R36: 5.58 | S36: 165.6 | T36: 43558 | U36: 5.85 | V36: 165 | W36: 42429 | X36: 42.98 | Y36: 120.44 | Z36: 42471 | AA36: 3.55 | AB36: 147.55 | AC36: 41617 | AD36: =(AD35+AD37)/2 -> 46.775 | AE36: 115.45 | AF36: 45177 | AG36: 7.9 | AH36: 136.95 | AI36: 41191 | AJ36: 91.34 | AK36: 118.01 | AL36: 40273 | AM36: 61.17 | AN36: 128.95 | AO36: 41683 | AP36: 37.24 | AQ36: 132.84 | AR36: 38161 | AS36: 24.17 | AT36: 140.48 | AU36: 37502 | AV36: 71.5 | AW36: 89.74 | AX36: 41556 | AY36: 65.58 | AZ36: 104.21 | BA36: 41235 | BB36: 10.94 | BC36: 130.44 | BD36: 41731 | BE36: 71.19 | BF36: 100.93 | BG36: 41731 | BH36: 35.92 | BI36: 135.08 | BJ36: 42009 | BK36: 38.19 | BL36: 136.81
A37: 42221 | B37: 39.17 | C37: 135.83 | E37: 43263 | F37: 9.98 | K37: 43711 | L37: =0.0257*(9^3) - 0.274*(9^2) - 0.0495*(9) + 9.249 -> 5.3448 | N37: 41830 | O37: 72.81 | P37: 180.19 | Q37: 43763 | R37: 6.18 | S37: 165.32 | T37: 43763 | U37: 6.4 | V37: 164.9 | W37: 42471 | X37: 43.27 | Y37: 120.35 | Z37: 42611 | AA37: 3.04 | AB37: 147.42 | AC37: 41647 | AD37: 46.98 | AE37: 115.27 | AF37: 45286 | AG37: 7.75 | AH37: 137.15 | AI37: 41235 | AJ37: 91.31 | AK37: 117.89 | AL37: 40274 | AM37: 61.18 | AN37: 128.9 | AO37: 41731 | AP37: 37.45 | AQ37: 132.75 | AR37: 38170 | AS37: 24.05 | AT37: 140.6 | AU37: 37510 | AV37: 71.54 | AW37: 89.7 | AX37: 41617 | AY37: 66.35 | AZ37: 104.64 | BA37: 41278 | BB37: 11.16 | BC37: 130.22 | BD37: 41647 | BE37: 70.79 | BF37: 100.94 | BG37: 41764 | BH37: 36.23 | BI37: 134.77 | BJ37: 42221 | BK37: 39.17 | BL37: 135.83
A38: 42353 | B38: 39.69 | C38: 135.31 | E38: 43409 | F38: 9.81 | K38: 43936 | L38: =0.0257*(9.01^3) - 0.274*(9^2) - 0.0495*(9) + 9.249 -> 5.4073204 | N38: 41877 | O38: 72.84 | P38: 180.16 | Q38: 43952 | R38: 5.49 | S38: 165.37 | T38: 43952 | U38: 5.6 | V38: 164.85 | W38: 42611 | X38: 43.65 | Y38: 120.04 | Z38: 42781 | AA38: 3.33 | AB38: 147.11 | AC38: 41683 | AD38: 47 | AE38: 115.23 | AF38: 45595 | AG38: 7.51 | AH38: 137.03 | AI38: 41278 | AJ38: 91.52 | AK38: 117.84 | AL38: 40275 | AM38: 61.18 | AN38: 128.9 | AO38: 41683 | AP38: 37.24 | AQ38: 132.66 | AR38: 38183 | AS38: 24.15 | AT38: 140.5 | AU38: 37515 | AV38: 71.46 | AW38: 89.78 | AX38: 41647 | AY38: 66.52 | AZ38: 104.46 | BA38: 41401 | BB38: 11.61 | BC38: 129.77 | BD38: 41683 | BE38: 71.01 | BF38: 100.97 | BG38: 41793 | BH38: 36.27 | BI38: 134.73 | BJ38: 42353 | BK38: 39.69 | BL38: 135.31
A39: 42387 | B39: 39.93 | C39: 135.07 | E39: 43559 | F39: 9.72875 | K39: 44112 | L39: =0.0257*(9.03^3) - 0.274*(9^2) - 0.0495*(9) + 9.249 -> 5.5327782 | N39: 41906 | O39: 73.01 | P39: 179.99 | Q39: 44087 | R39: 5.52 | S39: 165.42 | T39: 43964 | U39: 4.57 | V39: 164.75 | W39: 42781 | X39: 43.64 | Y39: 120.43 | Z39: 42794 | AA39: 3.06 | AB39: 147.07 | AC39: 41731 | AD39: 47.14 | AE39: 114.39 | AF39: 45633 | AG39: 7.78 | AH39: 136.99 | AI39: 41368 | AJ39: 91.88 | AK39: 117.87 | AL39: 40276 | AM39: 61.18 | AN39: 128.92 | AO39: 41731 | AP39: 37.45 | AQ39: 132.73 | AR39: 38197 | AS39: 24.17 | AT39: 140.48 | AU39: 37522 | AV39: 71.38 | AW39: 89.86 | AX39: 41683 | AY39: 66.75 | AZ39: 104.15 | BA39: 41438 | BB39: 11.56 | BC39: 129.82 | BD39: 41731 | BE39: 71.19 | BF39: 100.93 | BG39: 41830 | BH39: 36.41 | BI39: 134.59 | BJ39: 42387 | BK39: 39.93 | BL39: 135.07
A40: 42429 | B40: 40.42 | C40: 134.58 | E40: 43590 | F40: 9.82625 | K40: 44203 | L40: =0.0257*(9.04^3) - 0.274*(9^2) - 0.0495*(9) + 9.249 -> 5.5957159 | N40: 41936 | O40: 73.07 | P40: 179.93 | Q40: 44308 | R40: 5.47 | S40: 165.86 | T40: 44308 | U40: 4.44 | V40: 164.91 | W40: 42794 | X40: 43.45 | Y40: 120.31 | Z40: 42867 | AA40: 3.11 | AB40: 147.27 | AC40: 41764 | AD40: 47.34 | AE40: 114.35 | AF40: 45750 | AG40: 8.27 | AH40: 136.95 | AI40: 41401 | AJ40: 91.95 | AK40: 117.77 | AL40: 40277 | AM40: 61.18 | AN40: 129.02 | AO40: 41764 | AP40: 37.54 | AQ40: 133.03 | AR40: 38202 | AS40: 24.1 | AT40: 140.55 | AU40: 37530 | AV40: 71.43 | AW40: 89.81 | AX40: 41731 | AY40: 66.87 | AZ40: 104.28 | BA40: 41471 | BB40: 11.52 | BC40: 129.86 | BD40: 41764 | BE40: 71.39 | BF40: 100.83 | BG40: 41877 | BH40: 36.52 | BI40: 134.48 | BJ40: 42429 | BK40: 40.42 | BL40: 134.58
A41: 42471 | B41: 40.65 | C41: 134.35 | E41: 43559 | F41: 9.82 | K41: 44546 | L41: =0.0257*(9.09^3) - 0.274*(9^2) - 0.0495*(9) + 9.249 -> 5.9124983 | N41: 41976 | O41: 72.6 | P41: 180.4 | Q41: 44522 | R41: 5.88 | S41: 165.7 | T41: 44522 | U41: 4.78 | V41: 164.61 | W41: 43559 | X41: 44.47 | Y41: 120.18 | Z41: 43064 | AA41: 3.15 | AB41: 146.9 | AC41: 41793 | AD41: 47.32 | AE41: 114.33 | AF41: 45960 | AG41: 8.85 | AH41: 136.96 | AI41: 41432 | AJ41: 92.42 | AK41: 117.77 | AL41: 40278 | AM41: 61.18 | AN41: 128.97 | AO41: 41793 | AP41: 37.91 | AQ41: 133.18 | AR41: 38217 | AS41: 24.13 | AT41: 140.52 | AU41: 37537 | AV41: 71.43 | AW41: 89.81 | AX41: 41764 | AY41: 67.13 | AZ41: 103.92 | BA41: 41506 | BB41: 11.4 | BC41: 129.98 | BD41: 41793 | BE41: 71.52 | BF41: 100.79 | BG41: 41906 | BH41: 36.61 | BI41: 134.39 | BJ41: 42471 | BK41: 40.65 | BL41: 134.35
A42: 42591 | B42: 40.57 | C42: 134.43 | E42: 43588 | F42: 9.7916667 | K42: 44625 | L42: =0.0257*(9.099^3) - 0.274*(9^2) - 0.0495*(9) + 9.249 -> 5.9698908 | N42: 42009 | O42: 73.35 | P42: 179.65 | Q42: 44600 | R42: 5.95 | S42: 165.67 | T42: 44600 | U42: 4.82 | V42: 164.58 | W42: 43763 | X42: 53.37 | Y42: 120.13 | Z42: 43181 | AA42: 3.19 | AB42: 146.85 | AC42: 41830 | AD42: 47.47 | AE42: 114.23 | AF42: 46011 | AG42: 9.14 | AH42: 137.03 | AI42: 41471 | AJ42: 92.41 | AK42: 117.94 | AL42: 40279 | AM42: 61.18 | AN42: 129.14 | AO42: 41830 | AP42: 37.74 | AQ42: 133.53 | AR42: 38226 | AS42: 23.88 | AT42: 140.77 | AU42: 37545 | AV42: 71.51 | AW42: 89.73 | AX42: 41793 | AY42: 67.32 | AZ42: 103.79 | BA42: 41617 | BB42: 11.37 | BC42: 130.01 | BD42: 41830 | BE42: 71.75 | BF42: 100.84 | BG42: 41936 | BH42: 36.7 | BI42: 134.3 | BJ42: 42591 | BK42: 40.57 | BL42: 134.43
A43: 42702 | B43: 41.1 | C43: 133.9 | E43: 43905 | F43: 9.77 | K43: 44826 | L43: =0.0257*(9.11^3) - 0.274*(9^2) - 0.0495*(9) + 9.249 -> 6.0401914 | N43: 42157 | O43: 73.79 | P43: 179.21 | Q43: 44906 | R43: 5.77 | S43: 165.59 | T43: 44906 | U43: 4.97 | V43: 164.52 | W43: 43971 | X43: 45.17 | Y43: 119.57 | Z43: 43295 | AA43: 3.22 | AB43: 146.76 | AC43: 41877 | AD43: 47.52 | AE43: 114.13 | AF43: 38090 | AG43: 7.12 | AH43: 136.81 | AI43: 41506 | AJ43: 92.5 | AK43: 117.99 | AL43: 40280 | AM43: 61.18 | AN43: 128.99 | AO43: 41877 | AP43: 37.81 | AQ43: 133.32 | AR43: 38231 | AS43: 24.13 | AT43: 140.52 | AU43: 37551 | AV43: 71.51 | AW43: 89.73 | AX43: 41830 | AY43: 67.47 | AZ43: 103.62 | BA43: 41683 | BB43: 11.25 | BC43: 130.13 | BD43: 41936 | BE43: 72.27 | BF43: 100.75 | BG43: 41976 | BH43: 36.27 | BI43: 134.73 | BJ43: 42702 | BK43: 41.1 | BL43: 133.9
A44: 42774 | B44: 41.59 | C44: 133.41 | E44: 44100 | F44: 9.82 | K44: 44924 | L44: =0.0257*(9.103^3) - 0.274*(9^2) - 0.0495*(9) + 9.249 -> 5.995435 | N44: 42220 | O44: 74.05 | P44: 178.95 | Q44: 45078 | R44: 5.88 | S44: 165.44 | T44: 45078 | U44: 5.1 | V44: 164.38 | W44: 44087 | X44: 46.2 | Y44: 119.89 | Z44: 43445 | AA44: 3.17 | AB44: 146.74 | AC44: 41936 | AD44: 47.49 | AE44: 114.11 | AF44: 38107 | AG44: 6.97 | AH44: 136.96 | AI44: 41537 | AJ44: 92.81 | AK44: 117.63 | AL44: 40281 | AM44: 61.18 | AN44: 129.31 | AO44: 41906 | AP44: 37.95 | AQ44: 133.55 | AR44: 38237 | AS44: 24.13 | AT44: 140.52 | AU44: 37558 | AV44: 71.59 | AW44: 89.65 | AX44: 41877 | AY44: 67.69 | AZ44: 103.22 | BA44: 41764 | BB44: 11.32 | BC44: 130.06 | BD44: 41976 | BE44: 72.58 | BF44: 100.99 | BG44: 42009 | BH44: 36.97 | BI44: 134.03 | BJ44: 42774 | BK44: 41.59 | BL44: 133.41
A45: 42865 | B45: 41.79 | C45: 133.21 | E45: 44205 | F45: 9.912 | K45: 45088 | L45: =0.0257*(9.2^3) - 0.274*(9^2) - 0.0495*(9) + 9.249 -> 6.6217816 | N45: 42255 | O45: 74.17 | P45: 178.83 | Q45: 45268 | R45: 5.41 | S45: 165.38 | T45: 45268 | U45: 5.33 | V45: 164.37 | W45: 44308 | X45: 47 | Y45: 119.83 | Z45: 43559 | AA45: 3.23 | AB45: 146.79 | AC45: 41976 | AD45: 47.39 | AE45: 114.13 | AF45: 38124 | AG45: 6.92 | AH45: 137.01 | AI45: 41555 | AJ45: 92.76 | AK45: 117.72 | AL45: 40282 | AM45: 61.19 | AN45: 128.96 | AO45: 41936 | AP45: 37.82 | AQ45: 133.09 | AR45: 38246 | AS45: 24.22 | AT45: 140.43 | AU45: 37565 | AV45: 71.63 | AW45: 89.61 | AX45: 41906 | AY45: 67.9 | AZ45: 103.67 | BA45: 41976 | BB45: 11.22 | BC45: 130.16 | BD45: 42009 | BE45: 72.55 | BF45: 101.34 | BG45: 42107 | BH45: 37.14 | BI45: 133.86 | BJ45: 42865 | BK45: 41.79 | BL45: 133.21
A46: 42887 | B46: 41.93 | C46: 133.07 | E46: 44369 | F46: 9.873 | K46: 45238 | L46: =0.0257*(9.3^3) - 0.274*(9^2) - 0.0495*(9) + 9.249 -> 7.2814749 | N46: 42292 | O46: 74.28 | P46: 178.72 | Q46: 45595 | R46: 5.24 | S46: 165.3 | T46: 45595 | U46: 5.94 | V46: 164.34 | W46: 44522 | X46: 47.5 | Y46: 119.29 | Z46: 43763 | AA46: 3.38 | AB46: 146.74 | AC46: 42009 | AD46: 47.66 | AE46: 114.33 | AF46: 38133 | AG46: 6.82 | AH46: 137.11 | AI46: 41604 | AJ46: 93.1 | AK46: 117.67 | AL46: 40283 | AM46: 61.19 | AN46: 128.87 | AO46: 41976 | AP46: 37.77 | AQ46: 133.1 | AR46: 38251 | AS46: 24.09 | AT46: 140.56 | AU46: 37578 | AV46: 71.58 | AW46: 89.66 | AX46: 41936 | AY46: 67.71 | AZ46: 103.65 | BA46: 42471 | BB46: 13.39 | BC46: 127.99 | BD46: 42157 | BE46: 73.5 | BF46: 101.51 | BG46: 42157 | BH46: 37.22 | BI46: 133.78 | BJ46: 42887 | BK46: 41.93 | BL46: 133.07
A47: 42955 | B47: 41.8 | C47: 133.2 | E47: 44534 | F47: 9.72 | K47: 45349 | L47: =0.0257*(9.25^3) - 0.274*(9^2) - 0.0495*(9) + 9.249 -> 6.9498453 | N47: 42353 | O47: 74.49 | P47: 178.51 | Q47: 45787 | R47: 5.33 | S47: 165.25 | T47: 45787 | U47: 6.09 | V47: 164.35 | W47: 44600 | X47: 47.7 | Y47: 119.01 | Z47: 43971 | AA47: 3.1 | AB47: 146.9 | AC47: 42107 | AD47: 48.05 | AE47: 114.89 | AF47: 38153 | AG47: 6.57 | AH47: 137.36 | AI47: 41617 | AJ47: 93.15 | AK47: 117.66 | AL47: 40284 | AM47: 61.19 | AN47: 128.82 | AO47: 42009 | AP47: 37.65 | AQ47: 132.76 | AR47: 38265 | AS47: 24.1 | AT47: 140.55 | AU47: 37585 | AV47: 71.34 | AW47: 89.9 | AX47: 41976 | AY47: 68.06 | AZ47: 103.28 | BD47: 42220 | BE47: 73.82 | BF47: 101.68 | BG47: 42221 | BH47: 37.39 | BI47: 133.61 | BJ47: 42955 | BK47: 41.8 | BL47: 133.2
A48: 43048 | B48: 41.99 | C48: 133.01 | E48: 44637 | F48: 9.81 | K48: 45581 | L48: =0.0257*(9.19^3) - 0.274*(9^2) - 0.0495*(9) + 9.249 -> 6.5565951 | N48: 42387 | O48: 74.6 | P48: 178.4 | Q48: 45894 | R48: 5.46 | S48: 165.2 | T48: 45894 | U48: 6.25 | V48: 164.4 | W48: 44906 | X48: 47.9 | Y48: 118.89 | Z48: 44087 | AA48: 3.22 | AB48: 146.55 | AC48: 42157 | AD48: 47.86 | AE48: 114.58 | AF48: 38161 | AG48: 6.62 | AH48: 137.31 | AI48: 41647 | AJ48: 93.35 | AK48: 117.72 | AL48: 40287 | AM48: 59.72 | AN48: 128.94 | AO48: 42107 | AP48: 38.28 | AQ48: 132.67 | AR48: 38286 | AS48: 24.14 | AT48: 140.51 | AU48: 37592 | AV48: 71.18 | AW48: 90.06 | AX48: 42009 | AY48: 67.99 | AZ48: 103.61 | BD48: 42353 | BE48: 74.4 | BF48: 101.67 | BG48: 42292 | BH48: 37.58 | BI48: 133.42 | BJ48: 43048 | BK48: 41.99 | BL48: 133.01
A49: 43160 | B49: 42.107111 | C49: 132.89289 | D49: 43 | E49: 44834 | F49: 9.9 | K49: 45731 | L49: =0.0257*(9.26^3) - 0.274*(9^2) - 0.0495*(9) + 9.249 -> 7.0158853 | N49: 42429 | O49: 74.87 | P49: 178.13 | Q49: 45971 | R49: 5.65 | S49: 164.85 | T49: 45971 | U49: 6.34 | V49: 164.37 | W49: 45078 | X49: 48.11 | Y49: 118.83 | Z49: 44308 | AA49: 3.34 | AB49: 146.74 | AC49: 42220 | AD49: 47.96 | AE49: 114.2 | AF49: 38169 | AG49: 6.89 | AH49: 137.04 | AI49: 41683 | AJ49: 93.17 | AK49: 117.83 | AL49: 40501 | AM49: 58.35 | AN49: 128.85 | AO49: 42157 | AP49: 38 | AQ49: 132.55 | AR49: 38300 | AS49: 24.2 | AT49: 140.45 | AU49: 37642 | AV49: 70.94 | AW49: 90.3 | AX49: 42157 | AY49: 68.64 | AZ49: 104.29 | BD49: 42429 | BE49: 75.14 | BF49: 101.16 | BG49: 42353 | BH49: 37.71 | BI49: 133.29 | BJ49: 44600 | BK49: 47.17 | BL49: 127.83
A50: 43320 | B50: 42.377042 | C50: 132.62296 | D50: =D49+0.533 -> 43.533 | E50: 45028 | F50: 10.3 | K50: 45930 | L50: =0.0257*(9.33^3) - 0.274*(9^2) - 0.0495*(9) + 9.249 -> 7.4821723 | N50: 42471 | O50: 74.87 | P50: 178.13 | S50: 165.2 | V50: 164.68 | W50: 45268 | X50: 49.82 | Y50: 112.32 | Z50: 44522 | AA50: 3.45 | AB50: 145.56 | AC50: 42292 | AD50: 48.05 | AE50: 114.1 | AF50: 38183 | AG50: 6.97 | AH50: 136.96 | AI50: 41731 | AJ50: 93.8 | AK50: 117.85 | AL50: 40502 | AM50: 58.36 | AN50: 128.82 | AO50: 42220 | AP50: 38.24 | AQ50: 132.64 | AR50: 38308 | AS50: 24.15 | AT50: 140.5 | AU50: 37722 | AV50: 71.09 | AW50: 90.15 | AX50: 42220 | AY50: 68.91 | AZ50: 102.91 | BD50: 42591 | BE50: 75.44 | BF50: 100.71 | BG50: 42387 | BH50: 37.97 | BI50: 133.03
A51: 43427 | B51: 42.652899 | C51: 132.3471 | D51: =D50+0.533 -> 44.066 | E51: 45222 | F51: 10.5 | N51: 42557 | O51: 75.15 | P51: 177.85 | S51: 164.78 | V51: 164.3 | W51: 45595 | X51: 48.11 | Y51: 113.09 | Z51: 44600 | AA51: 3.37 | AB51: 146.09 | AC51: 42306 | AD51: 48.18 | AE51: 114.27 | AF51: 38197 | AG51: 6.9 | AH51: 137.03 | AI51: 41764 | AJ51: 94.03 | AK51: 117.87 | AL51: 40503 | AM51: 58.7 | AN51: 128.92 | AO51: 42255 | AP51: 38.37 | AQ51: 132.47 | AR51: 38313 | AS51: 24.54 | AT51: 140.11 | AU51: 37725 | AV51: 71.09 | AW51: 90.15 | AX51: 42292 | AY51: 69.08 | AZ51: 102.73 | BD51: 42685 | BE51: 75.79 | BF51: 100.73 | BG51: 42429 | BH51: 38.04 | BI51: 132.96
A52: 43508 | B52: 42.934777 | C52: 132.06522 | D52: =D51+0.533 -> 44.599 | E52: 45302 | F52: 10.81 | N52: 42541 | O52: 75.56 | P52: 177.44 | S52: 164.32 | V52: 164.52 | W52: 45787 | X52: 49.79 | Y52: 112.99 | Z52: 44906 | AA52: 3.59 | AB52: 146.18 | AC52: 42353 | AD52: 48.43 | AE52: 114.17 | AF52: 38203 | AG52: 6.92 | AH52: 137.01 | AI52: 41793 | AJ52: 94.15 | AK52: 117.92 | AL52: 40504 | AM52: 58.37 | AN52: 128.8 | AO52: 42292 | AP52: 38.34 | AQ52: 132.38 | AR52: 38342 | AS52: 24.22 | AT52: 140.43 | AU52: 37732 | AV52: 71.16 | AW52: 90.08 | AX52: 42353 | AY52: 69.43 | AZ52: 103.45 | BD52: 42748 | BE52: 75.91 | BF52: 100.72 | BG52: 42471 | BH52: 38.13 | BI52: 132.87
A53: 43657 | B53: 43.222774 | C53: 131.77723 | D53: =D52+0.533 -> 45.132 | E53: 45418 | F53: 10.7 | N53: 42591 | O53: 75.76 | P53: 177.24 | S53: 165.36 | V53: 164.77 | W53: 45894 | X53: 50.45 | Y53: 112.34 | Z53: 45078 | AA53: 3.88 | AB53: 146.55 | AC53: 42387 | AD53: 48.63 | AE53: 114.54 | AF53: 38209 | AG53: 6.6 | AH53: 137.33 | AI53: 41830 | AJ53: 94.24 | AK53: 117.83 | AL53: 40505 | AM53: 58.79 | AN53: 128.75 | AO53: 42306 | AP53: 38.58 | AQ53: 132.29 | AR53: 38364 | AS53: 24.22 | AT53: 140.43 | AU53: 37748 | AV53: 71.47 | AW53: 89.77 | AX53: 42387 | AY53: 70.59 | AZ53: 103.87 | BD53: 42781 | BE53: 76.34 | BF53: 100.71 | BG53: 42591 | BH53: 38.34 | BI53: 132.66
A54: 43806 | B54: 43.516989 | C54: 131.48301 | D54: =D53+0.533 -> 45.665 | E54: 45623 | F54: 11.8 | N54: 42852 | O54: 76.21 | P54: 176.79 | S54: 165.54 | V54: 164.4 | W54: 45971 | X54: 51.95 | Y54: 111.9 | Z54: 45268 | AA54: 3.65 | AB54: 146.21 | AC54: 42429 | AD54: 48.49 | AE54: 114.13 | AF54: 38217 | AG54: 6.9 | AH54: 137.03 | AI54: 41877 | AJ54: 94.42 | AK54: 118.02 | AL54: 40506 | AM54: 58.34 | AN54: 128.75 | AO54: 42353 | AP54: 38.54 | AQ54: 132.35 | AR54: 38378 | AS54: 24.21 | AT54: 140.44 | AU54: 37749 | AV54: 71.05 | AW54: 90.19 | AX54: 42429 | AY54: 69.82 | AZ54: 103.79 | BD54: 42865 | BE54: 75.77 | BF54: 100.99 | BG54: 42702 | BH54: 38.73 | BI54: 132.27
A55: 43842 | B55: 43.817523 | C55: 131.18248 | D55: =D54+0.533 -> 46.198 | E55: 45775 | F55: 12.3 | N55: 42888 | O55: 76.29 | P55: 176.71 | S55: 165.63 | V55: 164.43 | Y55: 111.72 | Z55: 45595 | AA55: 3.9 | AB55: 145.88 | AC55: 42471 | AD55: 48.89 | AE55: 114.2 | AF55: 38226 | AG55: 6.82 | AH55: 137.11 | AI55: 41906 | AJ55: 94.73 | AK55: 118.1 | AL55: 40507 | AM55: 58.58 | AN55: 128.7 | AO55: 42387 | AP55: 38.81 | AQ55: 132.23 | AR55: 38391 | AS55: 24.2 | AT55: 140.45 | AU55: 37750 | AV55: 71 | AW55: 90.24 | AX55: 42471 | AY55: 69.93 | AZ55: 103.7 | BD55: 43049 | BE55: 76.34 | BF55: 100.62 | BG55: 42774 | BH55: 38.98 | BI55: 132.02
A56: 43962 | B56: 44.124481 | C56: 130.87552 | D56: =D55+0.533 -> 46.731 | E56: 45941 | F56: 12.55 | N56: 42902 | O56: 76.47 | P56: 176.53 | S56: 165.41 | V56: 164.38 | Y56: 112.13 | Z56: 45787 | AA56: 4.1 | AB56: 146.37 | AC56: 42591 | AD56: 49.31 | AE56: 113.82 | AF56: 38230 | AG56: 6.97 | AH56: 136.96 | AI56: 41976 | AJ56: 95.01 | AK56: 118.07 | AL56: 40508 | AM56: 58.22 | AN56: 128.81 | AO56: 42429 | AP56: =(AP55+AP57)/2 -> 38.89 | AQ56: 132.15 | AR56: 38404 | AS56: 24.23 | AT56: 140.42 | AU56: 37755 | AV56: 71.02 | AW56: 90.22 | AX56: 42557 | AY56: 70.88 | AZ56: 103.55 | BD56: 43199 | BE56: 76.87 | BF56: 100.61 | BG56: 42865 | BH56: 39.13 | BI56: 131.87
A57: 44111 | B57: 44.437966 | C57: 130.56203 | D57: =D56+0.533 -> 47.264 | N57: 42955 | O57: 76.57 | P57: 176.43 | S57: 165.47 | V57: 164.36 | Y57: 112.43 | Z57: 45894 | AA57: 4.22 | AB57: 146.24 | AC57: 42663 | AD57: 49.58 | AE57: 113.88 | AF57: 38237 | AG57: 6.95 | AH57: 136.98 | AI57: 42009 | AJ57: 95.42 | AK57: 117.87 | AL57: 40509 | AM57: 58 | AN57: 128.72 | AO57: 42471 | AP57: 38.97 | AQ57: 131.93 | AR57: 38419 | AS57: 24.2 | AT57: 140.45 | AU57: 37758 | AV57: 70.92 | AW57: 90.32 | AX57: 42591 | AY57: 70.51 | AZ57: 103.56 | BD57: 43324 | BE57: 78.1 | BF57: 100.23 | BG57: 42887 | BH57: 39.21 | BI57: 131.79
A58: 44177 | B58: 44.758086 | C58: 130.24191 | D58: =D57+0.533 -> 47.797 | N58: 43048 | O58: 76.85 | P58: 176.15 | S58: 165.58 | V58: 164.58 | Y58: 111.82 | Z58: 45971 | AA58: 4.56 | AB58: 146.75 | AC58: 42702 | AD58: 50.07 | AE58: 113.46 | AF58: 38246 | AG58: 6.92 | AH58: 137.01 | AI58: 42035 | AJ58: 95.58 | AK58: 117.78 | AL58: 40510 | AM58: 58 | AN58: 129.03 | AO58: 42557 | AP58: 39.34 | AQ58: 131.9 | AR58: 38427 | AS58: 24.26 | AT58: 140.39 | AU58: 37768 | AV58: 71.01 | AW58: 90.23 | AX58: 42663 | AY58: 70.73 | AZ58: 103.54 | BD58: 43407 | BE58: 77.45 | BF58: 100.73 | BG58: 42955 | BH58: 39.17 | BI58: 131.83
A59: 44207 | B59: 45.084951 | C59: 129.91505 | D59: =D58+0.533 -> 48.33 | N59: 43123 | O59: 77.11 | P59: 175.89 | S59: 165.58 | V59: 164.7 | Y59: 111.62 | AB59: 146.4 | AC59: 42774 | AD59: 50.28 | AE59: 113.5 | AF59: 38251 | AG59: 6.87 | AH59: 137.06 | AI59: 42063 | AJ59: 95.68 | AK59: 118.1 | AL59: 40511 | AM59: 57.98 | AN59: 128.65 | AO59: 42591 | AP59: 39.22 | AQ59: 131.63 | AR59: 38439 | AS59: 24.14 | AT59: 140.51 | AU59: 37796 | AV59: 72.17 | AW59: 89.07 | AX59: 42774 | AY59: 71.53 | AZ59: 103.09 | BD59: 43559 | BE59: 79.36 | BF59: 100.67 | BG59: 43048 | BH59: 39.61 | BI59: 131.39
A60: 44293 | B60: 45.418672 | C60: 129.58133 | D60: =D59+0.533 -> 48.863 | N60: 43559 | O60: 79.42 | P60: 173.58 | S60: 165.69 | V60: 164.78 | Y60: 111.62 | AB60: 146.4 | AC60: 42794 | AD60: 50.45 | AE60: 112.23 | AF60: 38286 | AG60: 6.94 | AH60: 136.99 | AI60: 42087 | AJ60: 95.86 | AK60: 118.06 | AL60: 40512 | AM60: 58.1 | AN60: 128.61 | AO60: 42774 | AP60: 39.98 | AQ60: 131.57 | AR60: 38446 | AS60: 24.97 | AT60: 139.68 | AU60: 37813 | AV60: 71.3 | AW60: 89.94 | AX60: 42852 | AY60: 72.5 | AZ60: 103.11 | BD60: 43729 | BE60: 79.91 | BF60: 100.67 | BG60: 43170 | BH60: 40.12 | BI60: 127.43
A61: 44411 | B61: 45.759361 | C61: 129.24064 | D61: =D60+0.533 -> 49.396 | N61: 43697 | O61: 79.98 | P61: 173.02 | S61: 165.54 | V61: 164.8 | Y61: 110.65 | AB61: 146.61 | AC61: 42865 | AD61: 50.78 | AE61: 112.09 | AF61: 38308 | AG61: 6.91 | AH61: 137.02 | AI61: 42157 | AJ61: 96 | AK61: 118.1 | AL61: 40513 | AM61: 57.67 | AN61: 128.35 | AO61: 42865 | AP61: 39.82 | AQ61: 131.5 | AR61: 38453 | AS61: 24.24 | AT61: 140.41 | AU61: 37817 | AV61: 71.27 | AW61: 89.97 | AX61: 42865 | AY61: 72.21 | AZ61: 103.06 | BD61: 43871 | BE61: 79.56 | BF61: 100.33 | BG61: 43360 | BH61: 41.59 | BI61: 126.96
A62: 44486 | B62: 46.107133 | C62: 128.89287 | D62: =D61+0.533 -> 49.929 | N62: 43759 | O62: 81.53 | P62: 171.47 | S62: 165.59 | V62: 164.73 | Y62: 110.41 | AB62: 146.65 | AC62: 42887 | AD62: 50.73 | AE62: 112.29 | AF62: 38313 | AG62: 7.22 | AH62: 136.71 | AI62: 42220 | AJ62: 96.2 | AK62: 118.06 | AL62: 40527 | AM62: 58.96 | AN62: 128.6 | AO62: 42887 | AP62: 39.9 | AQ62: 131.28 | AR62: 38461 | AS62: 24.71 | AT62: 139.94 | AU62: 37821 | AV62: 71.25 | AW62: 89.99 | AX62: 42887 | AY62: 72.32 | AZ62: 102.86 | BD62: 44017 | BE62: 80.78 | BF62: 100.19 | BG62: 43608 | BH62: 42.68 | BI62: 126.14
A63: 44507 | B63: 46.462106 | C63: 128.53789 | D63: =D62+0.533 -> 50.462 | N63: 44440 | O63: 82.9 | P63: 170.1 | S63: 165.5 | V63: 164.79 | Y63: 109.1 | AB63: 146.82 | AC63: 42955 | AD63: 50.82 | AE63: 112.21 | AF63: 38342 | AG63: 6.84 | AH63: 137.09 | AI63: 42255 | AJ63: 96.39 | AK63: 118.03 | AL63: 40528 | AM63: 58.98 | AN63: 128.29 | AO63: 42955 | AP63: 39.71 | AQ63: 131.33 | AR63: 38467 | AS63: 24.22 | AT63: 140.43 | AU63: 37824 | AV63: 71.27 | AW63: 89.97 | AX63: 42955 | AY63: 72.7 | AZ63: 102.97 | BD63: 44206 | BE63: 81.56 | BF63: 100.29 | BG63: 43791 | BH63: 42.16
A64: 44539 | B64: 46.824397 | C64: 128.1756 | D64: =D63+0.533 -> 50.995 | N64: 44599 | O64: 83.83 | P64: 169.17 | S64: 165.56 | V64: 164.45 | Y64: 103.87 | AB64: 146.67 | AC64: 43011 | AD64: 50.92 | AE64: 112.03 | AF64: 38364 | AG64: 6.9 | AH64: 137.03 | AI64: 42292 | AJ64: 96.68 | AK64: 117.96 | AL64: 40529 | AM64: 58.94 | AN64: 127.97 | AO64: 43011 | AP64: 39.57 | AQ64: 131.35 | AR64: 38474 | AS64: 24.24 | AT64: 140.41 | AU64: 37831 | AV64: 71.34 | AW64: 89.9 | AX64: 43048 | AY64: 73.37 | AZ64: 102.87 | BD64: 44460 | BE64: 80.79 | BF64: 99.96 | BG64: 43928 | BH64: 42.81
A65: 44600 | B65: 47.17 | C65: 127.83 | N65: 44846 | O65: 82.078147 | S65: 165.43 | V65: 164.45 | Y65: 109.01 | AB65: 146.29 | AC65: 43123 | AD65: 51.17 | AE65: 111.43 | AF65: 38378 | AG65: 6.91 | AH65: 137.02 | AI65: 42353 | AJ65: 97.1 | AK65: 117.95 | AL65: 40530 | AM65: 58.94 | AN65: 128.21 | AO65: 43123 | AP65: 39.41 | AQ65: 130.87 | AR65: 39471 | AS65: 24.37 | AT65: 140.28 | AU65: 37838 | AV65: 71.38 | AW65: 89.86 | AX65: 43123 | AY65: 73.82 | AZ65: 102.85 | BD65: 44606 | BE65: 82.75 | BF65: 100.49 | BG65: 44085 | BH65: 42.95
A66: 44697 | B66: 47.152342 | C66: 127.84766 | D66: =D64+0.4733 -> 51.4683 | N66: 44900 | O66: 80.886988 | S66: 165.18 | V66: 164.33 | Y66: 108.84 | AB66: 146.32 | AC66: 43558 | AD66: 51.89 | AE66: 111.33 | AF66: 38391 | AG66: 6.88 | AH66: 137.05 | AI66: 42387 | AJ66: 97.4 | AK66: 118.17 | AL66: 40531 | AM66: 58.93 | AN66: 128.07 | AO66: 43323 | AP66: 39.5 | AQ66: 130.91 | AR66: 39492 | AS66: 24.14 | AT66: 140.51 | AU66: 37846 | AV66: 71.38 | AW66: 89.86 | AX66: 43263 | AY66: 74.75 | AZ66: 102.81 | BD66: 44809 | BE66: 83.41 | BF66: 100.52 | BG66: 44213 | BH66: 43.21
A67: 44821 | B67: 47.451891 | C67: 127.54811 | D67: =D66+0.425 -> 51.8933 | N67: 45008 | O67: 79.79405 | S67: 165.39 | V67: 164.59 | Y67: 108.75 | AB67: 146.45 | AC67: 43921 | AD67: 53.95 | AE67: 111.31 | AF67: 38404 | AG67: 7 | AH67: 136.93 | AI67: 42429 | AJ67: 97.6 | AK67: 117.91 | AL67: 40532 | AM67: 58.93 | AN67: 128.02 | AO67: 43419 | AP67: 39.7 | AQ67: 130.9 | AR67: 39507 | AS67: 24.16 | AT67: 140.49 | AU67: 37853 | AV67: 71.44 | AW67: 89.8 | AX67: 43348 | AY67: 75.08 | AZ67: 102.65 | BD67: 44929 | BE67: 84.7 | BF67: 100.12 | BG67: 44481 | BH67: 43.44
A68: 45038 | B68: 47.756301 | C68: 127.2437 | D68: =D67+0.425 -> 52.3183 | N68: 45210 | O68: 78.793515 | S68: 165.23 | V68: 164.64 | Y68: 108.67 | AB68: 146.65 | AC68: 44008 | AD68: 53.42 | AE68: 110.51 | AF68: 38427 | AG68: 6.91 | AH68: 137.02 | AI68: 42471 | AJ68: 97.71 | AK68: 117.95 | AL68: 40533 | AM68: 58.92 | AN68: 128.13 | AO68: 43558 | AP68: 40.09 | AQ68: 130.59 | AR68: 39538 | AS68: 24.03 | AT68: 140.62 | AU68: 37859 | AV68: 71.4 | AW68: 89.84 | AX68: 43263 | AY68: 74.75 | AZ68: 102.96 | BD68: 45155 | BE68: 85.98 | BF68: 100.04 | BG68: 44600 | BH68: 43.57
A69: 45241 | B69: 48.065638 | C69: 126.93436 | D69: =D68+0.425 -> 52.7433 | N69: 45302 | O69: 77.88 | S69: 165.3 | V69: 164.9 | Y69: 108.56 | AB69: 146.58 | AC69: 43952 | AD69: 52.75 | AE69: 110.66 | AF69: 38442 | AG69: 7.01 | AH69: 136.92 | AI69: 42494 | AJ69: 97.82 | AK69: 117.95 | AL69: 40534 | AM69: 58.92 | AN69: 128.21 | AO69: 43697 | AP69: 40.4 | AQ69: 130.51 | AR69: 39847 | AS69: 24.24 | AT69: 140.41 | AU69: 37873 | AV69: 71.58 | AW69: 89.66 | AX69: 43348 | AY69: 75.08 | AZ69: 102.71 | BD69: 45356 | BE69: 86.11 | BF69: 100.12 | BG69: 44785 | BH69: 44.04
A70: 45327 | B70: 48.379966 | C70: 126.62003 | D70: =D69+0.425 -> 53.1683 | N70: 45544 | O70: 77.048515 | S70: 165.46 | V70: 165.1 | Y70: 108.67 | AB70: 146.53 | AC70: 43964 | AD70: 52.68 | AE70: 110.61 | AF70: 38453 | AG70: 7.03 | AH70: 136.9 | AI70: 42591 | AJ70: 98.1 | AK70: 117.9 | AL70: 40535 | AM70: 58.98 | AN70: 128.18 | AO70: 43921 | AP70: 41.01 | AQ70: 130.77 | AR70: 39881 | AS70: 24.13 | AT70: 140.52 | AU70: 37881 | AV70: 71.31 | AW70: 89.93 | AX70: 43559 | AY70: 76.04 | AZ70: 102.6 | BD70: 45599 | BE70: 87.75 | BF70: 100.04 | BG70: 44844 | BH70: 44.86
A71: 45557 | B71: 48.699349 | C71: 126.30065 | D71: =D70+0.425 -> 53.5933 | N71: 45647 | O71: 76.29443 | S71: 164.84 | V71: 164.33 | Y71: 108.55 | AB71: 146.83 | AC71: 43971 | AD71: 52.75 | AE71: 110.46 | AF71: 38461 | AG71: 6.55 | AH71: 137.38 | AI71: 42686 | AJ71: 98.6 | AK71: 117.87 | AL71: 40536 | AM71: 58.95 | AN71: 128.18 | AO71: 43964 | AP71: 41 | AQ71: 130.86 | AR71: 39939 | AS71: 24.16 | AT71: 140.49 | AU71: 37895 | AV71: 71.52 | AW71: 89.72 | AX71: 43697 | AY71: 76.95 | AZ71: 102.45 | BD71: 45626 | BE71: 88.1 | BF71: 100.07 | BG71: 45068 | BH71: 43.67
A72: 45753 | B72: 49.023855 | C72: 125.97614 | D72: =D71+0.425 -> 54.0183 | N72: 45787 | O72: 75.613442 | S72: 165.31 | V72: 163.54 | Y72: 108.41 | AB72: 146.75 | AC72: 44440 | AD72: 52.87 | AE72: 111.32 | AF72: 38467 | AG72: 6.95 | AH72: 136.98 | AI72: 42784 | AJ72: 98.93 | AK72: 117.92 | AL72: 40537 | AM72: 58.94 | AN72: 128.16 | AO72: 44008 | AP72: 41.47 | AQ72: 130.93 | AR72: 40011 | AS72: 24.26 | AT72: 140.39 | AU72: 37900 | AV72: 71.42 | AW72: 89.82 | AX72: 43810 | AY72: 77.12 | AZ72: 102.5 | BD72: 11/43/2025 | BE72: 88.45 | BF72: 99.54 | BG72: 45205 | BH72: 44.92
A73: 45972 | B73: 49.13 | C73: 125.87 | N73: 45894 | O73: 75.001533 | S73: 165.19 | V73: 164.49 | Y73: 108.35 | AB73: 146.39 | AC73: 44600 | AD73: 54.75 | AE73: 110.03 | AF73: 38474 | AG73: 6.79 | AH73: 137.14 | AI73: 42852 | AJ73: 99.56 | AK73: 117.77 | AL73: 40538 | AM73: 58.93 | AN73: 128.2 | AO73: 44211 | AP73: 41.87 | AQ73: 164.65 | AR73: 40777 | AS73: 25.13 | AT73: 140.41 | AU73: 37931 | AV73: 71.79 | AW73: 89.45 | AX73: 43897 | AY73: 77.25 | AZ73: 102.55 | BD73: 45916 | BE73: 89.76 | BF73: 99.52 | BG73: 45293 | BH73: 44.97
N74: 45971 | O74: 74.454937 | S74: 164.21 | V74: 163.72 | Y74: 108.26 | AB74: 146.14 | AC74: 44785 | AD74: 54.87 | AE74: 109.78 | AF74: 38485 | AG74: 6.16 | AH74: 137.77 | AI74: 42888 | AJ74: 99.69 | AK74: 117.58 | AL74: 40539 | AM74: 58.93 | AN74: 128.22 | AO74: 44325 | AP74: 41.45 | AQ74: 130.71 | AR74: 41072 | AS74: 24.22 | AT74: 140.43 | AU74: 37936 | AV74: 71.4 | AW74: 89.84 | AX74: 44022 | AY74: 78.56 | AZ74: 102.52 | BF74: 99.59 | BG74: 45575 | BH74: 45
A75: Columna1 | S75: 165.28 | V75: 164.74 | Y75: 108.35 | AB75: 146.49 | AC75: 44845 | AD75: 56.76 | AE75: 109.93 | AF75: 38740 | AG75: 6.86 | AH75: 137.07 | AI75: 42955 | AJ75: 99.99 | AK75: 117.56 | AL75: 40540 | AM75: 58.93 | AN75: 128.2 | AO75: 44411 | AP75: 42.1 | AQ75: 130.91 | AR75: 41278 | AS75: 24.48 | AT75: 139.5 | AU75: 37994 | AV75: 72.1 | AW75: 89.14 | AX75: 44155 | AY75: 78.9 | AZ75: 102.62 | BF75: 99.64 | BG75: 45689 | BH75: 45.22
S76: 165.27 | V76: 165.17 | Y76: 108.01 | AB76: 146.51 | AC76: 44928 | AD76: 56.87 | AE76: 110.4 | AF76: 38754 | AG76: 6.87 | AH76: 137.06 | AI76: 42557 | AJ76: 98.61 | AK76: 117.67 | AL76: 40541 | AM76: 58.92 | AN76: 128.2 | AO76: 44440 | AP76: 42.14 | AQ76: 130.82 | AR76: 41368 | AS76: 24.24 | AT76: 139.27 | AU76: 38009 | AV76: 72.3 | AW76: 88.94 | AX76: 44235 | AY76: 79.15 | AZ76: 102.56 | BF76: 99.68 | BG76: 45892 | BH76: 45.74
A77: Media | B77: 39.922473 | S77: 165.36 | V77: 164.7 | Y77: 107.89 | AB77: 146.68 | AC77: 45155 | AD77: 57.05 | AE77: 108.58 | AF77: 40575 | AG77: 7.6 | AH77: 136.33 | AI77: 42663 | AJ77: 98.43 | AK77: 117.71 | AL77: 40542 | AM77: 58.88 | AN77: 128.35 | AO77: 44662 | AP77: 42.25 | AQ77: 130.69 | AR77: 41401 | AS77: 24.58 | AT77: 139.1 | AU77: 38049 | AV77: 72.5 | AW77: 88.74 | AX77: 44361 | AY77: 80.11 | AZ77: 102.32 | BF77: 99.24 | BG77: 45972 | BH77: 45.94
A78: Error típico | B78: 0.59172776 | S78: 165.28 | V78: 164.56 | Y78: 107.49 | AB78: 146.92 | AC78: 45281 | AD78: =_xlfn.FORECAST.LINEAR(AC78,AD72:AD77,AC72:AC77) -> 58.471529 | AE78: 108.76 | AF78: 40679 | AG78: 7.65 | AH78: 136.28 | AI78: 42774 | AJ78: 98.93 | AK78: 117.58 | AL78: 40543 | AM78: 58.85 | AN78: 128.1 | AO78: 44766 | AP78: 42.39 | AQ78: 130.6 | AR78: 41437 | AS78: 24.65 | AT78: 138.86 | AU78: 38076 | AV78: 72.67 | AW78: 88.57 | AX78: 44440 | AY78: 80.97 | AZ78: 102.86 | BF78: 99.72
A79: Mediana | B79: 39.69 | S79: 164.97 | V79: 164.59 | Y79: 107.34 | AB79: 146.45 | AC79: 45356 | AD79: =_xlfn.FORECAST.LINEAR(AC79,AD73:AD78,AC73:AC78) -> 58.651872 | AE79: 108.26 | AF79: 40745 | AG79: 7.69 | AH79: 136.24 | AI79: 43048 | AJ79: 100.45 | AK79: 117.52 | AL79: 40544 | AM79: 58.9 | AN79: 128.18 | AO79: 44837 | AP79: 41.21 | AQ79: 130.64 | AR79: 41471 | AS79: 24.54 | AT79: 138.67 | AU79: 38107 | AV79: 72.59 | AW79: 88.65 | AX79: 44671 | AY79: 80.47 | AZ79: 103.13 | BF79: 99.74
A80: Moda | B80: 34.8 | S80: 165.1 | V80: 164.89 | Y80: 107.35 | AB80: 146.8 | AC80: 45501 | AD80: 57.5 | AE80: 108.35 | AF80: 40777 | AG80: 7.65 | AH80: 136.28 | AI80: 43069 | AJ80: 101.03 | AK80: 117.52 | AL80: 40545 | AM80: 57.5 | AN80: 128.12 | AO80: 44960 | AP80: 42.12 | AQ80: 130.29 | AR80: 41506 | AS80: 24.6 | AT80: 138.87 | AU80: 38124 | AV80: 72.84 | AW80: 88.4 | AX80: 44784 | AY80: 81.11 | AZ80: 103.03 | BF80: 99.56
A81: Desviación estándar | B81: 4.9859867 | S81: 165.14 | V81: 165 | Y81: 107.08 | AB81: 146.15 | AC81: 117/09/2024 | AD81: 58.15 | AE81: 107.93 | AF81: 40800 | AG81: 7.68 | AH81: 136.25 | AI81: 43123 | AJ81: 100.79 | AK81: 117.3 | AL81: 40546 | AM81: 57.95 | AN81: 128.03 | AO81: 45210 | AP81: 42.33 | AQ81: 130.53 | AR81: 41617 | AS81: 24.53 | AT81: 137.7 | AU81: 38133 | AV81: 72.8 | AW81: 88.44 | AX81: 44894 | AY81: 82.1 | AZ81: 102.97 | BF81: 99.72
A82: Varianza de la muestra | B82: 24.860064 | S82: 165.41 | V82: 165.41 | Y82: 106.94 | AB82: 146.73 | AC82: 45595 | AD82: 58.32 | AE82: 109 | AF82: 40814 | AG82: 7.7 | AH82: 136.23 | AI82: 43263 | AJ82: 101.74 | AK82: 117.58 | AL82: 40547 | AM82: 56.5 | AN82: 127.98 | AO82: 45343 | AP82: 42.78 | AQ82: 130.43 | AR82: 41683 | AS82: 24.42 | AT82: 137.2 | AU82: 38161 | AV82: 72.61 | AW82: 88.63 | AX82: 45060 | AY82: 82.31 | AZ82: 103.12 | BF82: 99.74
A83: Curtosis | B83: -1.2978066 | S83: 165.41 | V83: 165.41 | Y83: 106.66 | AB83: 146.19 | AC83: 45627 | AD83: 59.45 | AE83: 107.99 | AF83: 40834 | AG83: 7.7 | AH83: 136.23 | AI83: 43297 | AJ83: 101.85 | AK83: 117.4 | AL83: 40548 | AM83: 55.9 | AN83: 127.95 | AO83: 45449 | AP83: 42.87 | AQ83: 130.46 | AU83: 38197 | AV83: 72.56 | AW83: 88.68 | AX83: 45187 | AY83: 82.55 | AZ83: 103.04 | BF83: 99.66
A84: Coeficiente de asimetría | B84: 0.35400377 | S84: 163.6 | V84: 163.04 | Y84: 149.45 | AB84: 146.09 | AC84: 45691 | AD84: 59.12 | AE84: 143.93 | AF84: 40911 | AG84: 6.75 | AH84: 137.18 | AI84: 43348 | AJ84: 102.19 | AK84: 117.48 | AL84: 40549 | AM84: 55.95 | AN84: 127.83 | AO84: 45558 | AP84: 43.7 | AQ84: 130.25 | AU84: 38203 | AV84: 72.42 | AW84: 88.82 | AX84: 45461 | AY84: 83.78 | AZ84: 103.26 | BF84: 99.77
A85: Rango | B85: 15.28 | S85: 164.24 | V85: 164.46 | Y85: 106.55 | AB85: 146.09 | AC85: 45895 | AD85: 59.58 | AE85: 108.72 | AF85: 40934 | AG85: 6.94 | AH85: 136.99 | AI85: 43558 | AJ85: 103.08 | AK85: 117.37 | AL85: 40745 | AM85: 57.99 | AN85: 127.76 | AO85: 45818 | AP85: 43.54 | AQ85: 130.17 | AU85: 38216 | AV85: 72.56 | AW85: 88.68 | AX85: 45575 | AY85: 84.4 | AZ85: 103.07 | BF85: 99.79
A86: Mínimo | B86: 33.85 | S86: 164.29 | V86: 164.39 | Y86: 106.47 | AB86: 145.9 | AC86: 45972 | AD86: 59.97 | AE86: 108.81 | AF86: 40963 | AG86: 7.34 | AH86: 136.59 | AI86: 43697 | AJ86: 103.9 | AK86: 117.26 | AL86: 40777 | AM86: 55.8 | AN86: 127.87 | AO86: 45972 | AP86: 43.72 | AQ86: 130.01 | AU86: 38226 | AV86: 72.52 | AW86: 88.72 | AX86: 45759 | AY86: 85.31 | AZ86: 103.35 | BF86: 99.65
A87: Máximo | B87: 49.13 | S87: 164.35 | V87: 164.7 | Y87: 106.18 | AB87: 146.41 | AE87: 107.95 | AF87: 41059 | AG87: 6.85 | AH87: 137.08 | AI87: 43759 | AJ87: 105.76 | AK87: 117.46 | AL87: 40814 | AM87: 56.4 | AN87: 127.26 | AQ87: 129.98 | AU87: 38231 | AV87: 72.5 | AW87: 88.74 | AX87: 45941 | AY87: 86.08 | AZ87: 103.2 | BF87: 99.74
A88: Suma | B88: 2834.4956 | S88: 164.82 | V88: 165.34 | Y88: 105.8 | AB88: 146.12 | AE88: 108.49 | AF88: 41368 | AG88: 7.17 | AH88: 136.76 | AI88: 43914 | AJ88: 105.38 | AK88: 117.25 | AL88: 40834 | AM88: 55.25 | AN88: 127.24 | AQ88: 130.13 | AU88: 38246 | AV88: 72.42 | AW88: 88.82 | AZ88: 103.14 | BF88: 99.5
A89: Cuenta | B89: 71 | S89: 165.23 | V89: 165.15 | Y89: 105.81 | AB89: 146.39 | AE89: 108.12 | AF89: 41401 | AG89: 7.26 | AH89: 136.67 | AI89: 43963 | AJ89: 106.46 | AK89: 117.55 | AL89: 40864 | AM89: 50.9 | AN89: 127.23 | AQ89: 130.1 | AU89: 38251 | AV89: 72.48 | AW89: 88.76 | AZ89: 103.34 | BF89: 99.42
A90: Mayor (1) | B90: 49.13 | S90: 165.39 | V90: 165.35 | Y90: 106 | AB90: 146.22 | AE90: 108.51 | AF90: 41437 | AG90: 7.03 | AH90: 136.9 | AI90: 31/06/2020 | AJ90: 106.77 | AK90: 116.98 | AL90: 40889 | AM90: 49.7 | AN90: 127.22 | AQ90: 130.07 | AU90: 38286 | AV90: 71.72 | AW90: 89.52 | AZ90: 103.34 | BF90: 99.53
A91: Menor(1) | B91: 33.85 | S91: 165.35 | V91: 165.24 | Y91: 104.98 | AB91: 141.07 | AE91: 107.75 | AF91: 42220 | AG91: 7.63 | AH91: 136.3 | AI91: 44160 | AJ91: 107.11 | AK91: 117.16 | AL91: 40911 | AM91: 52.6 | AN91: 127.22 | AQ91: 129.85 | AU91: 38308 | AV91: 72.82 | AW91: 88.42 | AZ91: 103.36 | BF91: 99.24
A92: Nivel de confianza(95,0%) | B92: 1.1801638 | S92: 165.4 | V92: 165.3 | Y92: 96.08 | AB92: 146.35 | AE92: 108.01 | AF92: 42702 | AG92: 6.58 | AH92: 136 | AI92: 44489 | AJ92: 107.32 | AK92: 117.1 | AL92: 40967 | AM92: 54.3 | AN92: 127.23 | AQ92: 129.98 | AU92: 38313 | AV92: 72.76 | AW92: 88.48 | AZ92: 103.33 | BF92: 98.98
S93: 165.05 | V93: 164.8 | Y93: 104.28 | AE93: 107.58 | AF93: 42865 | AG93: 5.83 | AH93: =-0.0011*(91)+136 -> 135.8999 | AI93: 44525 | AJ93: 109.36 | AK93: 117.01 | AL93: 41017 | AM93: 58.18 | AN93: 127.23 | AQ93: 130.32 | AU93: 38378 | AV93: 73.14 | AW93: 88.1 | AZ93: 103.36 | BF93: 99.07
A94: Sin Imputación | S94: 164.9 | V94: 164.65 | AE94: 107.08 | AF94: 42887 | AG94: 6.9 | AH94: =-0.0011*(92)+136 -> 135.8988 | AI94: 44526 | AJ94: 109.36 | AK94: 116.66 | AL94: 41041 | AM94: 58.05 | AN94: 127.28 | AQ94: 130.33 | AU94: 38404 | AV94: 73.43 | AW94: 87.81 | AZ94: 103.34 | BF94: 99.2
S95: 165.35 | V95: 164.78 | AE95: 106.84 | AF95: 43011 | AG95: 5.18 | AH95: =-0.0011*(93)+136 -> 135.8977 | AI95: 44609 | AJ95: 108.6 | AK95: 116.86 | AL95: 41191 | AM95: 57.26 | AN95: 127.26 | AQ95: 129.78 | AU95: 38427 | AV95: 73.69 | AW95: 87.55 | AZ95: 102.16 | BF95: 99.02
A96: Media | B96: 38.999015 | S96: 165.65 | V96: 165.06 | AE96: 106.95 | AF96: 43123 | AG96: 6.91 | AH96: =-0.0011*(94)+136 -> 135.8966 | AI96: 44768 | AJ96: 110.17 | AK96: 116.14 | AL96: 41235 | AM96: 58.05 | AN96: 126.48 | AQ96: 129.42 | AU96: 38439 | AV96: 73.52 | AW96: 87.72 | AZ96: 102.63 | BF96: 98.97
A97: Error típico | B97: 0.6016422 | S97: 165.1 | V97: 164.53 | AE97: 107.03 | AF97: 43558 | AG97: 6.95 | AH97: =-0.0011*(96)+136 -> 135.8944 | AI97: 44778 | AJ97: 110.41 | AK97: 116.81 | AL97: 41278 | AM97: 58.32 | AN97: 126.47 | AQ97: 129.5 | AU97: 38442 | AV97: 73.56 | AW97: 87.68 | AZ97: 101.99 | BF97: 98.95
A98: Mediana | B98: 36.98 | S98: 165.15 | V98: 164.64 | AE98: 106.64 | AF98: 44008 | AG98: 7.27 | AH98: =-0.0011*(110)+136 -> 135.879 | AI98: 44785 | AJ98: 110.33 | AK98: 116.9 | AL98: 41368 | AM98: 58.57 | AN98: 126.45 | AQ98: 129.06 | AU98: 38446 | AV98: 73.76 | AW98: 87.48 | AZ98: 101.97 | BF98: 99.06
A99: Moda | B99: 34.8 | S99: 165.3 | V99: 164.82 | AE99: 106.82 | AF99: 43952 | AG99: 7.38 | AH99: =-0.0011*(96)+136 -> 135.8944 | AI99: 44791 | AJ99: 110.49 | AK99: 116.73 | AL99: 41401 | AM99: 58.55 | AN99: 126.51 | AQ99: 129.1 | AU99: 38453 | AV99: 73.59 | AW99: 87.65 | AZ99: 101.61 | BF99: 98.8
A100: Desviación estándar | B100: 4.6989758 | S100: 165.44 | V100: 164.89 | AE100: 106.75 | AF100: 44440 | AG100: 6.89 | AH100: =-0.0011*(146)+136 -> 135.8394 | AI100: 44797 | AJ100: 110.23 | AK100: 116.82 | AL100: 41432 | AM100: 59.36 | AN100: 126.51 | AQ100: 129.04 | AU100: 38461 | AV100: 73.56 | AW100: 87.68 | AZ100: 101.6 | BF100: 99.24
A101: Varianza de la muestra | B101: 22.080374 | S101: 165.51 | V101: 165.27 | AE101: 106.59 | AF101: 44600 | AG101: 7.43 | AH101: =-0.0011*(196)+136 -> 135.7844 | AI101: 44802 | AJ101: 110.5 | AK101: 116.81 | AL101: 41471 | AM101: 58.24 | AN101: 126.51 | AQ101: 129.07 | AU101: 38474 | AV101: 73.85 | AW101: 87.39 | AZ101: 101.8 | BF101: 98.6
A102: Curtosis | B102: -0.80779956 | S102: 165.37 | V102: 164.96 | AE102: 106.33 | AF102: 44845 | AG102: 8.63 | AH102: =-0.0011*(296)+136 -> 135.6744 | AI102: 44844 | AJ102: 110.78 | AK102: 116.89 | AL102: 41506 | AM102: 56.83 | AN102: 126.52 | AQ102: 128.98 | AU102: 38485 | AV102: 73.91 | AW102: 87.33 | AZ102: 101.35 | BF102: 98.76
A103: Coeficiente de asimetría | B103: 0.68751517 | S103: 165.09 | V103: 164.74 | AE103: 103.17 | AF103: 45595 | AG103: 7.51 | AI103: 44964 | AJ103: 111.03 | AK103: 116.66 | AL103: 41537 | AM103: 57.45 | AN103: 126.51 | AQ103: 128.81 | AU103: 38524 | AV103: 73.93 | AW103: 87.31 | AZ103: 101.28 | BF103: 98.54
A104: Rango | B104: 15.28 | S104: 164.44 | V104: 164.48 | AE104: 103.7 | AI104: 45088 | AJ104: 111.79 | AK104: 116.72 | AL104: 41555 | AM104: 55.9 | AN104: 126.51 | AQ104: 129.27 | AU104: 38596 | AV104: 74.3 | AW104: 86.94 | AZ104: 100.62 | BF104: 98.36
A105: Mínimo | B105: 33.85 | S105: 164.91 | V105: 164.52 | AE105: 103.67 | AI105: 45256 | AJ105: 112.2 | AK105: 116.3 | AL105: 41556 | AM105: 55.93 | AN105: 126.5 | AQ105: 128.97 | AU105: 38629 | AV105: 74.53 | AW105: 86.71 | AZ105: 100.67 | BF105: 98.77
A106: Máximo | B106: 49.13 | S106: 164.95 | V106: 164.52 | AE106: 103.78 | AI106: 45292 | AJ106: 112.5 | AK106: 116.72 | AL106: 41604 | AM106: 54.14 | AN106: 126.49 | AQ106: 129.05 | AU106: 38653 | AV106: 74.51 | AW106: 86.73 | AZ106: 100.89 | BF106: 99.23
A107: Suma | B107: 2378.9399 | S107: 164.11 | V107: 164.27 | AE107: 103.47 | AI107: 45449 | AJ107: 113.6 | AK107: 116.79 | AL107: 41617 | AM107: 55.1 | AN107: 126.49 | AQ107: 128.97 | AU107: 38665 | AV107: 74.14 | AW107: 87.1 | AZ107: 100.84 | BF107: 98.24
...

Sheet Niveles Imputados
A1: Sampues - # 52-II-C-PZ-01 | D1: Finca el socorro (Ovejas) - # 44-II-D-PO-02 | G1: Ovejas - # 44-II-D-PO-14 | J1: Los Palmitos - # 44-IV-B-PZ-01 Piñal | M1: Morroa (Bremen) - # 44-IV-C-PZ-01 A | P1: Bremen - # 44-IV-C-PZ-01 B | S1: Las Tinas (Morroa) - # 44-IV-C-PZ-02 A | V1: Las Tinas (Morroa) - # 44-IV-C-PZ-02 B | Y1: Arroyo salida a Betulia (Corozal) - # 44-IV-D-PZ-01 A | AB1: Arroyo salida a Betulia (Corozal) - # 44-IV-D-PZ-01 B | AE1: Sabanas de cali (El Tesoro) - # 44-IV-D-PZ-02 | AH1: Finca el tesoro - # 44-IV-D-PZ-04 | AK1: Basurero Viejo, Pileta (Corozal) - # 52-II-B-PZ-01 A | AN1: Corozal - # 44-IV-D-PO-14 | AQ1: Corozal - # 44-IV-D-PZ-20 | AT1: Corozal - # 44-IV-D-PZ-22 | AW1: Cantagallo - # 52-II-A-PZ-01 Corozal
A2: Fecha Medida | B2: Nivel Estático (m) | C2: Imputado | D2: Fecha Medida | E2: Nivel Estático (m) | F2: Imputado | G2: Fecha Medida | H2: Nivel Estático (m) | I2: Imputado | J2: Fecha Medida | K2: Nivel Estático (m) | L2: Imputado | M2: Fecha Medida | N2: Nivel Estático (m) | O2: Imputado | P2: Fecha Medida | Q2: Nivel Estático (m) | R2: Imputado | S2: Fecha Medida | T2: Nivel Estático (m) | U2: Imputado | V2: Fecha Medida | W2: Nivel Estático (m) | X2: Imputado | Y2: Fecha Medida | Z2: Nivel Estático (m) | AA2: Imputado | AB2: Fecha Medida | AC2: Nivel Estático (m) | AD2: imputado | AE2: Fecha Medida | AF2: Nivel Estático (m) | AG2: Imputado | AH2: Fecha Medida | AI2: Nivel Estático (m) | AJ2: Imputado | AK2: Fecha Medida | AL2: Nivel Estático (m) | AM2: Imputado | AN2: Fecha Medida | AO2: Nivel Estático (m) | AP2: Imputado | AQ2: Fecha Medida | AR2: Nivel Estático (m) | AS2: Imputado | AT2: Fecha Medida | AU2: Nivel Estático (m) | AV2: Imputado | AW2: Fecha Medida | AX2: Nivel Estático (m) | AY2: Imputado
A3: 40224 | B3: 34.45 | C3: 0 | D3: 40254 | E3: 10.27436 | F3: 0 | G3: 28/24/2010 | H3: 8.11 | I3: 0 | J3: 40224 | K3: 72.08 | L3: 0 | M3: 37635 | N3: 5 | O3: 0 | P3: 37635 | Q3: 4.45 | R3: 0 | S3: 37635 | T3: 28.58 | U3: 0 | V3: 37635 | W3: 3.13 | X3: 0 | Y3: 37657 | Z3: 30.9 | AA3: 0 | AB3: 37657 | AC3: 6.57 | AD3: 0 | AE3: 40190 | AF3: 89.7 | AG3: 0 | AH3: 40190 | AI3: 59.55 | AJ3: 0 | AK3: 40214 | AL3: 36.1 | AM3: 0 | AN3: 40214 | AO3: 61.48 | AP3: 0 | AQ3: 40190 | AR3: 11.7 | AS3: 0 | AT3: 40190 | AU3: 66.24 | AV3: 0 | AW3: 40214 | AX3: 34.17 | AY3: 0
A4: 40235 | B4: 34.98 | C4: 0 | D4: 40377 | E4: 10.22 | F4: 1 | G4: 40433 | H4: 8.34 | I4: 0 | J4: 40235 | K4: 72.5 | L4: 0 | M4: 37720 | N4: 5.03 | O4: 0 | P4: 37720 | Q4: 4.55 | R4: 0 | S4: 37720 | T4: 28.2 | U4: 0 | V4: 37720 | W4: 3.71 | X4: 0 | Y4: 37720 | Z4: 29.04 | AA4: 0 | AB4: 37720 | AC4: 6.84 | AD4: 0 | AE4: 40242 | AF4: 91.01 | AG4: 0 | AH4: 40238 | AI4: 60.06 | AJ4: 0 | AK4: 40235 | AL4: 36.3 | AM4: 0 | AN4: 40235 | AO4: 62.56 | AP4: 0 | AQ4: 40238 | AR4: 13 | AS4: 0 | AT4: 40235 | AU4: 66.9 | AV4: 0 | AW4: 40224 | AX4: 33.81 | AY4: 0
A5: 40287 | B5: 33.85 | C5: 0 | D5: 40531 | E5: 10.23 | F5: 0 | G5: 40636 | H5: 8.5 | I5: 1 | J5: 40242 | K5: 72.5 | L5: 0 | M5: 37726 | N5: 4.98 | O5: 0 | P5: 37726 | Q5: 4.61 | R5: 0 | S5: 37726 | T5: 28.3 | U5: 0 | V5: 37726 | W5: 3.23 | X5: 0 | Y5: 37726 | Z5: 30.75 | AA5: 0 | AB5: 37726 | AC5: 7.11 | AD5: 0 | AE5: 40244 | AF5: 91.02 | AG5: 0 | AH5: 40242 | AI5: 61.16 | AJ5: 0 | AK5: 40287 | AL5: 36.55 | AM5: 0 | AN5: 40287 | AO5: 62.5 | AP5: 0 | AQ5: 40490 | AR5: 11.57 | AS5: 1 | AT5: 40287 | AU5: 66.98 | AV5: 0 | AW5: 40235 | AX5: 34.2 | AY5: 0
A6: 40305 | B6: 34.87 | C6: 0 | D6: 40607 | E6: 10.232 | F6: 1 | G6: 40848 | H6: 8.79 | I6: 0 | J6: 40287 | K6: 71.98 | L6: 0 | M6: 37732 | N6: 5.1 | O6: 0 | P6: 37732 | Q6: 4.41 | R6: 0 | S6: 37732 | T6: 28.09 | U6: 0 | V6: 37732 | W6: 3.66 | X6: 0 | Y6: 37732 | Z6: 29.47 | AA6: 0 | AB6: 37732 | AC6: 6.85 | AD6: 0 | AE6: 40245 | AF6: 91.02 | AG6: 0 | AH6: 40243 | AI6: 61.14 | AJ6: 0 | AK6: 40305 | AL6: 36.36 | AM6: 0 | AN6: 40305 | AO6: 62.34 | AP6: 0 | AQ6: 40777 | AR6: 10.43 | AS6: 0 | AT6: 40305 | AU6: 66.81 | AV6: 0 | AW6: 40242 | AX6: 34.8 | AY6: 0
A7: 40331 | B7: 34.07 | C7: 0 | D7: 40766 | E7: 10.2 | F7: 0 | G7: 40953 | H7: 8.63 | I7: 1 | J7: 40331 | K7: 71.78 | L7: 0 | M7: 37734 | N7: 5.06 | O7: 0 | P7: 37734 | Q7: 4.6 | R7: 0 | S7: 37734 | T7: 28.42 | U7: 0 | V7: 37734 | W7: 3.66 | X7: 0 | Y7: 37734 | Z7: 29.78 | AA7: 0 | AB7: 37734 | AC7: 7.08 | AD7: 0 | AE7: 40253 | AF7: 91.06 | AG7: 0 | AH7: 40244 | AI7: 61.16 | AJ7: 0 | AK7: 40331 | AL7: 36.45 | AM7: 0 | AN7: 40331 | AO7: 62.6 | AP7: 0 | AQ7: 40890 | AR7: 10.27 | AS7: 0 | AT7: 40331 | AU7: 66.87 | AV7: 0 | AW7: 40287 | AX7: 33.79 | AY7: 0
A8: 40417 | B8: 34.55 | C8: 0 | D8: 40985 | E8: 10.19 | F8: 0 | G8: 41032 | H8: 8.67 | I8: 0 | J8: 40312 | K8: 71.76 | L8: 0 | M8: 37735 | N8: 5.04 | O8: 0 | P8: 37735 | Q8: 4.63 | R8: 0 | S8: 37735 | T8: 28.51 | U8: 0 | V8: 37735 | W8: 3.69 | X8: 0 | Y8: 37735 | Z8: 28.9 | AA8: 0 | AB8: 37735 | AC8: 7.15 | AD8: 0 | AE8: 40269 | AF8: 91.14 | AG8: 0 | AH8: 40245 | AI8: 61.16 | AJ8: 0 | AK8: 40394 | AL8: 36 | AM8: 0 | AN8: 40393 | AO8: 63.08 | AP8: 0 | AQ8: 40922 | AR8: 10.77 | AS8: 1 | AT8: 40393 | AU8: 67.12 | AV8: 0 | AW8: 40351 | AX8: 33.75 | AY8: 0
A9: 40575 | B9: 34.65 | C9: 0 | D9: 41113 | E9: 10.11 | F9: 0 | G9: 41506 | H9: 11.48 | I9: 0 | J9: 40393 | K9: 71.9 | L9: 0 | M9: 37746 | N9: 4.45 | O9: 0 | P9: 37746 | Q9: 4.86 | R9: 0 | S9: 37746 | T9: 28.35 | U9: 0 | V9: 37746 | W9: 3.32 | X9: 0 | Y9: 37746 | Z9: 30.38 | AA9: 0 | AB9: 37746 | AC9: 7.12 | AD9: 0 | AE9: 40278 | AF9: 91.19 | AG9: 0 | AH9: 40246 | AI9: 61.16 | AJ9: 0 | AK9: 40417 | AL9: 36.12 | AM9: 0 | AN9: 40403 | AO9: 63.1 | AP9: 0 | AQ9: 41025 | AR9: 11 | AS9: 0 | AT9: 40575 | AU9: 67.24 | AV9: 0 | AW9: 40305 | AX9: 34.29 | AY9: 0
A10: 40679 | B10: 34.57 | C10: 0 | D10: 41225 | E10: 10.13 | F10: 1 | G10: 41556 | H10: 12.83 | I10: 0 | J10: 40417 | K10: 71.9 | L10: 0 | M10: 37749 | N10: 5.02 | O10: 0 | P10: 37749 | Q10: 4.99 | R10: 0 | S10: 37748 | T10: 28.02 | U10: 0 | V10: 37748 | W10: 3.47 | X10: 0 | Y10: 37748 | Z10: 30.35 | AA10: 0 | AB10: 37748 | AC10: 6.92 | AD10: 0 | AE10: 40283 | AF10: 91.22 | AG10: 0 | AH10: 40247 | AI10: 61.15 | AJ10: 0 | AK10: 40498 | AL10: 35.44 | AM10: 0 | AN10: 40575 | AO10: 62.92 | AP10: 0 | AQ10: 41235 | AR10: 10.94 | AS10: 0 | AT10: 40679 | AU10: 67.74 | AV10: 0 | AW10: 40393 | AX10: 33.84 | AY10: 0
A11: 40745 | B11: 34.54 | C11: 0 | D11: 41401 | E11: 10.16 | F11: 0 | G11: 41617 | H11: 10.13 | I11: 0 | J11: 40575 | K11: 71.52 | L11: 0 | M11: 37750 | N11: 5.12 | O11: 0 | P11: 37750 | Q11: 4.75 | R11: 0 | S11: 37749 | T11: 28.06 | U11: 0 | V11: 37749 | W11: 3.49 | X11: 0 | Y11: 37749 | Z11: 29.91 | AA11: 0 | AB11: 37749 | AC11: 7.05 | AD11: 0 | AE11: 40284 | AF11: 91.2 | AG11: 0 | AH11: 40248 | AI11: 61.15 | AJ11: 0 | AK11: 40575 | AL11: 34.75 | AM11: 0 | AN11: 40679 | AO11: 62.9 | AP11: 0 | AQ11: 41278 | AR11: 11.16 | AS11: 0 | AT11: 40745 | AU11: 67.94 | AV11: 0 | AW11: 40417 | AX11: 33.9 | AY11: 0
A12: 40777 | B12: 34.39 | C12: 0 | D12: 41506 | E12: 10.34 | F12: 0 | G12: 41683 | H12: 11.6 | I12: 0 | J12: 40745 | K12: 71.59 | L12: 0 | M12: 37755 | N12: 5.03 | O12: 0 | P12: 37755 | Q12: 4.45 | R12: 0 | S12: 37750 | T12: 28.1 | U12: 0 | V12: 37750 | W12: 3.37 | X12: 0 | Y12: 37750 | Z12: 28.53 | AA12: 0 | AB12: 37750 | AC12: 6.79 | AD12: 0 | AE12: 40501 | AF12: 92.19 | AG12: 0 | AH12: 40249 | AI12: 61.15 | AJ12: 0 | AK12: 40679 | AL12: 34.79 | AM12: 0 | AN12: 40679 | AO12: 62.9 | AP12: 0 | AQ12: 41401 | AR12: 11.61 | AS12: 0 | AT12: 40777 | AU12: 67.7 | AV12: 0 | AW12: 40575 | AX12: 33.53 | AY12: 0
A13: 40800 | B13: 34.1 | C13: 0 | D13: 41556 | E13: 9.42 | F13: 0 | G13: 41764 | H13: 10.38 | I13: 0 | J13: 40777 | K13: 71.7 | L13: 0 | M13: 37758 | N13: 5 | O13: 0 | P13: 37758 | Q13: 4.45 | R13: 0 | S13: 37755 | T13: 28.69 | U13: 0 | V13: 37755 | W13: 3.41 | X13: 0 | Y13: 37755 | Z13: 29.87 | AA13: 0 | AB13: 37755 | AC13: 6.73 | AD13: 0 | AE13: 40502 | AF13: 92.2 | AG13: 0 | AH13: 40250 | AI13: 61.15 | AJ13: 0 | AK13: 40745 | AL13: 34.49 | AM13: 0 | AN13: 40745 | AO13: 63.09 | AP13: 0 | AQ13: 41438 | AR13: 11.56 | AS13: 0 | AT13: 40800 | AU13: 67.5 | AV13: 0 | AW13: 40679 | AX13: 34.29 | AY13: 0
A14: 40814 | B14: 34.19 | C14: 0 | D14: 41617 | E14: 9.55 | F14: 0 | G14: 41793 | H14: 9.57 | I14: 0 | J14: 40814 | K14: 71.64 | L14: 0 | M14: 37768 | N14: 5.12 | O14: 0 | P14: 37768 | Q14: 4.45 | R14: 0 | S14: 37758 | T14: 28.3 | U14: 0 | V14: 37758 | W14: 3.77 | X14: 0 | Y14: 37758 | Z14: 30.29 | AA14: 0 | AB14: 37758 | AC14: 6.78 | AD14: 0 | AE14: 40503 | AF14: 92.2 | AG14: 0 | AH14: 40251 | AI14: 61.15 | AJ14: 0 | AK14: 40777 | AL14: 34.39 | AM14: 0 | AN14: 40777 | AO14: 63.45 | AP14: 0 | AQ14: 41471 | AR14: 11.52 | AS14: 0 | AT14: 40814 | AU14: 67.48 | AV14: 0 | AW14: 40745 | AX14: 34.39 | AY14: 0
A15: 40834 | B15: 34.15 | C15: 0 | D15: 41647 | E15: 9.46 | F15: 0 | G15: 41830 | H15: 11.32 | I15: 0 | J15: 40834 | K15: 71.55 | L15: 0 | M15: 37797 | N15: 4.96 | O15: 0 | P15: 37797 | Q15: 4.53 | R15: 0 | S15: 37768 | T15: 26.93 | U15: 0 | V15: 37768 | W15: 3.54 | X15: 0 | Y15: 37768 | Z15: 30.47 | AA15: 0 | AB15: 37768 | AC15: 6.5 | AD15: 0 | AE15: 40504 | AF15: 92.2 | AG15: 0 | AH15: 40252 | AI15: 61.15 | AJ15: 0 | AK15: 40800 | AL15: 34.27 | AM15: 0 | AN15: 40800 | AO15: 63.46 | AP15: 0 | AQ15: 41506 | AR15: 11.4 | AS15: 0 | AT15: 40834 | AU15: 67.45 | AV15: 0 | AW15: 40777 | AX15: 34.49 | AY15: 0
... A25: 41437 | B25: 35.5 | C25: 0 | D25: 42157 | E25: 10.55 | F25: 0 | G25: 42387 | H25: 13.47 | I25: 0 | J25: 41368 | K25: 71.88 | L25: 0 | M25: 38050 | N25: 4.45 | O25: 0 | P25: 38050 | Q25: 5.08 | R25: 0 | S25: 38009 | T25: 28.64 | U25: 0 | V25: 38009 | W25: 3.43 | X25: 0 | Y25: 37845 | Z25: 29.32 | AA25: 0 | AB25: 37845 | AC25: 7.49 | AD25: 0 | AE25: 40745 | AF25: 91.55 | AG25: 0 | AH25: 40262 | AI25: 61.16 | AJ25: 0 | AK25: 41228 | AL25: 35.75 | AM25: 0 | AN25: 41098 | AO25: 64.35 | AP25: 0 | AQ25: 42733 | AR25: 14.96 | AS25: 0 | AT25: 41278 | AU25: 69.1 | AV25: 0 | AW25: 41228 | AX25: 34.57 | AY25: 0
A26: 41471 | B26: 35.58 | C26: 0 | D26: 42220 | E26: 11.2 | F26: 0 | G26: 42429 | H26: 13.02 | I26: 0 | J26: 41397 | K26: 71.82 | L26: 0 | M26: 43588 | N26: 4.6 | O26: 0 | P26: 43588 | Q26: 5.37 | R26: 0 | S26: 38110 | T26: 28.65 | U26: 0 | V26: 38110 | W26: 3.44 | X26: 0 | Y26: 37744 | Z26: 29.25 | AA26: 0 | AB26: 37744 | AC26: 7.5 | AD26: 0 | AE26: 40777 | AF26: 91.34 | AG26: 0 | AH26: 40263 | AI26: 61.17 | AJ26: 0 | AK26: 41278 | AL26: =(AL25+AL27)/2 -> 36.125 | AM26: 0 | AN26: 41171 | AO26: 64.46 | AP26: 0 | AQ26: Total | AR26: =COUNT(AR3:AR25) -> 23 | AS26: =SUM(AS3:AS25) -> 4 | AT26: 41368 | AU26: 69.45 | AV26: 0 | AW26: 41278 | AX26: 34.74 | AY26: 0
A27: 41506 | B27: 35.55 | C27: 0 | D27: 42255 | E27: 11.26 | F27: 0 | G27: 42471 | H27: 12.32 | I27: 0 | J27: 41437 | K27: 71.75 | L27: 0 | M27: 38078 | N27: 4.8 | O27: 0 | P27: 38078 | Q27: 5.4 | R27: 0 | S27: 38048 | T27: 28.68 | U27: 0 | V27: 38048 | W27: 3.49 | X27: 0 | Y27: 37858 | Z27: 29.29 | AA27: 0 | AB27: 37858 | AC27: 7.51 | AD27: 0 | AE27: 40814 | AF27: 91.29 | AG27: 0 | AH27: 40264 | AI27: 61.17 | AJ27: 0 | AK27: 41368 | AL27: 36.5 | AM27: 0 | AN27: 41191 | AO27: 64.56 | AP27: 0 | AT27: 41401 | AU27: 69.22 | AV27: 0 | AW27: 41368 | AX27: 34.97 | AY27: 0
A28: 41617 | B28: 35.85 | C28: 0 | D28: 42292 | E28: 11.25 | F28: 0 | G28: 42557 | H28: 11.27 | I28: 0 | J28: 41471 | K28: 71.74 | L28: 0 | M28: 38090 | N28: 4.9 | O28: 0 | P28: 38090 | Q28: 5.48 | R28: 0 | S28: 38058 | T28: 28.7 | U28: 0 | V28: 38058 | W28: 3.48 | X28: 0 | Y28: 37865 | Z28: 29.1 | AA28: 0 | AB28: 37865 | AC28: 7.6 | AD28: 0 | AE28: 40834 | AF28: 91.3 | AG28: 0 | AH28: 40265 | AI28: 61.16 | AJ28: 0 | AK28: 41401 | AL28: 36.79 | AM28: 0 | AN28: 41235 | AO28: 64.75 | AP28: 0 | AT28: 41437 | AU28: 69.79 | AV28: 0 | AW28: 41401 | AX28: 35.14 | AY28: 0
A29: 41647 | B29: 36.54 | C29: 0 | D29: 42353 | E29: 11.026 | F29: 0 | G29: 42591 | H29: 10.1 | I29: 0 | J29: 41506 | K29: 72.02 | L29: 0 | M29: 38105 | N29: 4.85 | O29: 0 | P29: 38105 | Q29: 5.34 | R29: 0 | S29: 38078 | T29: 28.71 | U29: 0 | V29: 38078 | W29: 3.5 | X29: 0 | Y29: 37872 | Z29: 30.1 | AA29: 0 | AB29: 37872 | AC29: 7.5 | AD29: 0 | AE29: 40864 | AF29: 91.3 | AG29: 0 | AH29: 40266 | AI29: 61.15 | AJ29: 0 | AK29: 41437 | AL29: 36.97 | AM29: 0 | AN29: 41278 | AO29: 65 | AP29: 0 | AT29: 41471 | AU29: 69.91 | AV29: 0 | AW29: 41437 | AX29: 35.24 | AY29: 0
A30: 41683 | B30: 36.72 | C30: 0 | D30: 42429 | E30: 11.25 | F30: 0 | G30: 42858 | H30: 9.46 | I30: 0 | J30: 41555 | K30: 72.01 | L30: 0 | M30: 38133 | N30: 4.53 | O30: 0 | P30: 38133 | Q30: 4.9 | R30: 0 | S30: 38090 | T30: 29.05 | U30: 0 | V30: 38090 | W30: 4.01 | X30: 0 | Y30: 37873 | Z30: 30 | AA30: 0 | AB30: 37873 | AC30: 7.55 | AD30: 0 | AE30: 40889 | AF30: 91.3 | AG30: 0 | AH30: 40267 | AI30: 61.16 | AJ30: 0 | AK30: 41471 | AL30: 36.99 | AM30: 0 | AN30: 41368 | AO30: 65.23 | AP30: 0 | AT30: 41506 | AU30: 69.9 | AV30: 0 | AW30: 41471 | AX30: 35.31 | AY30: 0
A31: 41764 | B31: 36.95 | C31: 0 | D31: 42471 | E31: 11.66 | F31: 0 | G31: 42888 | H31: 8.87 | I31: 0 | J31: 41556 | K31: 71.96 | L31: 0 | M31: 38155 | N31: 4.65 | O31: 0 | P31: 38155 | Q31: 5.1 | R31: 0 | S31: 38105 | T31: 29.05 | U31: 0 | V31: 38105 | W31: 3.73 | X31: 0 | Y31: 37881 | Z31: 29.95 | AA31: 0 | AB31: 37881 | AC31: 7.57 | AD31: 0 | AE31: 40911 | AF31: 91.3 | AG31: 0 | AH31: 40268 | AI31: 61.17 | AJ31: 0 | AK31: 41506 | AL31: 37.13 | AM31: 0 | AN31: 41401 | AO31: 65.4 | AP31: 0 | AT31: 41555 | AU31: 70.2 | AV31: 0 | AW31: 41506 | AX31: 35.32 | AY31: 0
A32: 41793 | B32: 36.98 | C32: 0 | D32: 42557 | E32: 9.76 | F32: 0 | G32: 43122 | H32: 7.11 | I32: 0 | J32: 41617 | K32: 72.14 | L32: 0 | M32: 38161 | N32: 4.63 | O32: 0 | P32: 38161 | Q32: 5.16 | R32: 0 | S32: 38117 | T32: 29.9 | U32: 0 | V32: 38117 | W32: 3.5 | X32: 0 | Y32: 37895 | Z32: 29.95 | AA32: 0 | AB32: 37895 | AC32: 7.5 | AD32: 0 | AE32: 40967 | AF32: 91.25 | AG32: 0 | AH32: 40269 | AI32: 61.17 | AJ32: 0 | AK32: 41555 | AL32: 37.18 | AM32: 0 | AN32: 41437 | AO32: 65.7 | AP32: 0 | AT32: 41556 | AU32: 70.17 | AV32: 0 | AW32: 41556 | AX32: 35.41 | AY32: 0
A33: 41830 | B33: 37.03 | C33: 0 | D33: 42591 | E33: 9.71 | F33: 0 | G33: 43263 | H33: 6.49 | I33: 0 | J33: 41647 | K33: 72.12 | L33: 0 | M33: 38170 | N33: 4.6 | O33: 0 | P33: 38170 | Q33: 5.12 | R33: 0 | S33: 38161 | T33: 28.84 | U33: 0 | V33: 38161 | W33: 2.74 | X33: 0 | Y33: 37900 | Z33: 29.97 | AA33: 0 | AB33: 37900 | AC33: 7.6 | AD33: 0 | AE33: 41017 | AF33: 91 | AG33: 0 | AH33: 40270 | AI33: 61.17 | AJ33: 0 | AK33: 41556 | AL33: 37.18 | AM33: 0 | AN33: 41471 | AO33: 65.43 | AP33: 0 | AT33: 41617 | AU33: 70.57 | AV33: 0 | AW33: 41617 | AX33: 35.57 | AY33: 0
A34: 41976 | B34: 36.98 | C34: 0 | D34: 42768 | E34: 9.735 | F34: 0 | G34: 43297 | H34: 6.07 | I34: 0 | J34: 41683 | K34: 72.3 | L34: 0 | M34: 38197 | N34: 4.7 | O34: 0 | P34: 38197 | Q34: 5.05 | R34: 0 | S34: 38189 | T34: 29.07 | U34: 0 | V34: 38189 | W34: 2.6 | X34: 0 | Y34: 37937 | Z34: 29.72 | AA34: 0 | AB34: 37937 | AC34: 6.9 | AD34: 0 | AE34: 41072 | AF34: 91.15 | AG34: 0 | AH34: 40271 | AI34: 61.17 | AJ34: 0 | AK34: 41617 | AL34: 37.15 | AM34: 0 | AN34: 41506 | AO34: 65.42 | AP34: 0 | AT34: 41659 | AU34: 70.79 | AV34: 0 | AW34: 41647 | AX34: 35.72 | AY34: 0
A35: 42020 | B35: 38.76 | C35: 0 | D35: 42888 | E35: 9.7225 | F35: 0 | G35: 43559 | H35: 5.46 | I35: 0 | J35: 41764 | K35: 72.52 | L35: 0 | M35: 38203 | N35: 4.67 | O35: 0 | P35: 38203 | Q35: 5.04 | R35: 0 | S35: 38197 | T35: 29.12 | U35: 0 | V35: 38197 | W35: 2.55 | X35: 0 | Y35: 37952 | Z35: 29.65 | AA35: 0 | AB35: 37952 | AC35: 6.18 | AD35: 0 | AE35: 41191 | AF35: 91.34 | AG35: 0 | AH35: 40272 | AI35: 61.17 | AJ35: 0 | AK35: 41647 | AL35: 37.2 | AM35: 0 | AN35: 41555 | AO35: 65.46 | AP35: 0 | AT35: 41683 | AU35: 71.01 | AV35: 0 | AW35: 41683 | AX35: 35.9 | AY35: 0
A36: 42099 | B36: 38.19 | C36: 0 | D36: 43177 | E36: 9.89 | F36: 1 | G36: 43588 | H36: 5.63 | I36: 0 | J36: 41793 | K36: 72.6 | L36: 0 | M36: 38209 | N36: 4.4 | O36: 0 | P36: 38209 | Q36: 5 | R36: 0 | S36: 38203 | T36: 29.01 | U36: 0 | V36: 38203 | W36: 1.9 | X36: 0 | Y36: 37993 | Z36: 28.48 | AA36: 0 | AB36: 37993 | AC36: 6.98 | AD36: 0 | AE36: 41235 | AF36: 91.31 | AG36: 0 | AH36: 40273 | AI36: 61.17 | AJ36: 0 | AK36: 41683 | AL36: 37.24 | AM36: 0 | AN36: 41556 | AO36: 65.58 | AP36: 0 | AT36: 41731 | AU36: 71.19 | AV36: 0 | AW36: 41731 | AX36: 35.92 | AY36: 0
A37: 42221 | B37: 39.17 | C37: 0 | D37: 43263 | E37: 9.98 | F37: 0 | G37: 43711 | H37: =0.0257*(9^3) - 0.274*(9^2) - 0.0495*(9) + 9.249 -> 5.3448 | I37: 1 | J37: 41830 | K37: 72.81 | L37: 0 | M37: 38217 | N37: 4.68 | O37: 0 | P37: 38217 | Q37: 5.1 | R37: 0 | S37: 38217 | T37: 29.1 | U37: 0 | V37: 38217 | W37: 2.03 | X37: 0 | Y37: 38000 | Z37: 28.66 | AA37: 0 | AB37: 38000 | AC37: 6.78 | AD37: 0 | AE37: 41278 | AF37: 91.52 | AG37: 0 | AH37: 40274 | AI37: 61.18 | AJ37: 0 | AK37: 41731 | AL37: 37.45 | AM37: 0 | AN37: 41617 | AO37: 66.35 | AP37: 0 | AT37: 41647 | AU37: 70.79 | AV37: 0 | AW37: 41764 | AX37: 36.23 | AY37: 0
A38: 42353 | B38: 39.69 | C38: 0 | D38: 43409 | E38: 9.81 | F38: 1 | G38: 43936 | H38: =0.0257*(9.01^3) - 0.274*(9^2) - 0.0495*(9) + 9.249 -> 5.4073204 | I38: 0 | J38: 41877 | K38: 72.84 | L38: 0 | M38: 38230 | N38: 4.63 | O38: 0 | P38: 38230 | Q38: 5.15 | R38: 0 | S38: 38231 | T38: 29.41 | U38: 0 | V38: 38231 | W38: 2.34 | X38: 0 | Y38: 38009 | Z38: 28.7 | AA38: 0 | AB38: 38009 | AC38: 6.9 | AD38: 0 | AE38: 41368 | AF38: 91.88 | AG38: 0 | AH38: 40275 | AI38: 61.18 | AJ38: 0 | AK38: 41683 | AL38: 37.24 | AM38: 0 | AN38: 41647 | AO38: 66.52 | AP38: 0 | AT38: 41683 | AU38: 71.01 | AV38: 0 | AW38: 41793 | AX38: 36.27 | AY38: 0
A39: 42387 | B39: 39.93 | C39: 0 | D39: 43559 | E39: 9.72875 | F39: 0 | G39: 44112 | H39: =0.0257*(9.03^3) - 0.274*(9^2) - 0.0495*(9) + 9.249 -> 5.5327782 | I39: 0 | J39: 41906 | K39: 73.01 | L39: 0 | M39: 38286 | N39: 4.58 | O39: 0 | P39: 38286 | Q39: 5.25 | R39: 0 | S39: 38286 | T39: 29.02 | U39: 0 | V39: 38286 | W39: 2.38 | X39: 0 | Y39: 38049 | Z39: 29.54 | AA39: 0 | AB39: 38049 | AC39: 6.94 | AD39: 0 | AE39: 41401 | AF39: 91.95 | AG39: 0 | AH39: 40276 | AI39: 61.18 | AJ39: 0 | AK39: 41731 | AL39: 37.45 | AM39: 0 | AN39: 41683 | AO39: 66.75 | AP39: 0 | AT39: 41731 | AU39: 71.19 | AV39: 0 | AW39: 41830 | AX39: 36.41 | AY39: 0
A40: 42429 | B40: 40.42 | C40: 0 | D40: 43590 | E40: 9.82625 | F40: 0 | G40: 44203 | H40: =0.0257*(9.04^3) - 0.274*(9^2) - 0.0495*(9) + 9.249 -> 5.5957159 | I40: 1 | J40: 41936 | K40: 73.07 | L40: 0 | M40: 38313 | N40: 4.14 | O40: 0 | P40: 38313 | Q40: 5.09 | R40: 0 | S40: 38308 | T40: 29.14 | U40: 0 | V40: 38308 | W40: 2.18 | X40: 0 | Y40: 38061 | Z40: 29.58 | AA40: 0 | AB40: 38061 | AC40: 6.98 | AD40: 0 | AE40: 41432 | AF40: 92.42 | AG40: 0 | AH40: 40277 | AI40: 61.18 | AJ40: 0 | AK40: 41764 | AL40: 37.54 | AM40: 0 | AN40: 41731 | AO40: 66.87 | AP40: 0 | AT40: 41764 | AU40: 71.39 | AV40: 0 | AW40: 41877 | AX40: 36.52 | AY40: 0
A41: 42471 | B41: 40.65 | C41: 0 | D41: 43559 | E41: 9.82 | F41: 0 | G41: 44546 | H41: =0.0257*(9.09^3) - 0.274*(9^2) - 0.0495*(9) + 9.249 -> 5.9124983 | I41: 1 | J41: 41976 | K41: 72.6 | L41: 0 | M41: 38378 | N41: 4.3 | O41: 0 | P41: 38378 | Q41: 5.39 | R41: 0 | S41: 38378 | T41: 29.27 | U41: 0 | V41: 38378 | W41: 2.55 | X41: 0 | Y41: 38068 | Z41: 29.6 | AA41: 0 | AB41: 38068 | AC41: 6.97 | AD41: 0 | AE41: 41471 | AF41: 92.41 | AG41: 0 | AH41: 40278 | AI41: 61.18 | AJ41: 0 | AK41: 41793 | AL41: 37.91 | AM41: 0 | AN41: 41764 | AO41: 67.13 | AP41: 0 | AT41: 41793 | AU41: 71.52 | AV41: 0 | AW41: 41906 | AX41: 36.61 | AY41: 0
A42: 42591 | B42: 40.57 | C42: 0 | D42: 43588 | E42: 9.7916667 | F42: 0 | G42: 44625 | H42: =0.0257*(9.099^3) - 0.274*(9^2) - 0.0495*(9) + 9.249 -> 5.9698908 | I42: 0 | J42: 42009 | K42: 73.35 | L42: 0 | M42: 38404 | N42: 4.33 | O42: 0 | P42: 38404 | Q42: 5.42 | R42: 0 | S42: 38404 | T42: 29.32 | U42: 0 | V42: 38404 | W42: 2.6 | X42: 0 | Y42: 38078 | Z42: 29.7 | AA42: 0 | AB42: 38078 | AC42: 6.9 | AD42: 0 | AE42: 41506 | AF42: 92.5 | AG42: 0 | AH42: 40279 | AI42: 61.18 | AJ42: 0 | AK42: 41830 | AL42: 37.74 | AM42: 0 | AN42: 41793 | AO42: 67.32 | AP42: 0 | AT42: 41830 | AU42: 71.75 | AV42: 0 | AW42: 41936 | AX42: 36.7 | AY42: 0
A43: 42702 | B43: 41.1 | C43: 0 | D43: 43905 | E43: 9.77 | F43: 1 | G43: 44826 | H43: =0.0257*(9.11^3) - 0.274*(9^2) - 0.0495*(9) + 9.249 -> 6.0401914 | I43: 1 | J43: 42157 | K43: 73.79 | L43: 0 | M43: 38439 | N43: 4.41 | O43: 0 | P43: 38439 | Q43: 5.48 | R43: 0 | S43: 38439 | T43: 29.88 | U43: 0 | V43: 38439 | W43: 2.69 | X43: 0 | Y43: 38090 | Z43: 29.8 | AA43: 0 | AB43: 38090 | AC43: 7.12 | AD43: 0 | AE43: 41537 | AF43: 92.81 | AG43: 0 | AH43: 40280 | AI43: 61.18 | AJ43: 0 | AK43: 41877 | AL43: 37.81 | AM43: 0 | AN43: 41830 | AO43: 67.47 | AP43: 0 | AT43: 41936 | AU43: 72.27 | AV43: 0 | AW43: 41976 | AX43: 36.27 | AY43: 0
A44: 42774 | B44: 41.59 | C44: 0 | D44: 44100 | E44: 9.82 | F44: 1 | G44: 44924 | H44: =0.0257*(9.103^3) - 0.274*(9^2) - 0.0495*(9) + 9.249 -> 5.995435 | I44: 0 | J44: 42220 | K44: 74.05 | L44: 0 | M44: 38446 | N44: 4.56 | O44: 0 | P44: 38446 | Q44: 5.62 | R44: 0 | S44: 38446 | T44: 29.56 | U44: 0 | V44: 38446 | W44: 2.71 | X44: 0 | Y44: 38107 | Z44: 29.82 | AA44: 0 | AB44: 38107 | AC44: 6.97 | AD44: 0 | AE44: 41555 | AF44: 92.76 | AG44: 0 | AH44: 40281 | AI44: 61.18 | AJ44: 0 | AK44: 41906 | AL44: 37.95 | AM44: 0 | AN44: 41877 | AO44: 67.69 | AP44: 0 | AT44: 41976 | AU44: 72.58 | AV44: 0 | AW44: 42009 | AX44: 36.97 | AY44: 0
A45: 42865 | B45: 41.79 | C45: 0 | D45: 44205 | E45: 9.912 | F45: 0 | G45: 45088 | H45: =0.0257*(9.2^3) - 0.274*(9^2) - 0.0495*(9) + 9.249 -> 6.6217816 | I45: 0 | J45: 42255 | K45: 74.17 | L45: 0 | M45: 38453 | N45: 4.62 | O45: 0 | P45: 38453 | Q45: 5.63 | R45: 0 | S45: 38453 | T45: 29.62 | U45: 0 | V45: 38453 | W45: 2.66 | X45: 0 | Y45: 38124 | Z45: 29.8 | AA45: 0 | AB45: 38124 | AC45: 6.92 | AD45: 0 | AE45: 41604 | AF45: 93.1 | AG45: 0 | AH45: 40282 | AI45: 61.19 | AJ45: 0 | AK45: 41936 | AL45: 37.82 | AM45: 0 | AN45: 41906 | AO45: 67.9 | AP45: 0 | AT45: 42009 | AU45: 72.55 | AV45: 0 | AW45: 42107 | AX45: 37.14 | AY45: 0
A46: 42887 | B46: 41.93 | C46: 0 | D46: 44369 | E46: 9.873 | F46: 0 | G46: 45238 | H46: =0.0257*(9.3^3) - 0.274*(9^2) - 0.0495*(9) + 9.249 -> 7.2814749 | I46: 1 | J46: 42292 | K46: 74.28 | L46: 0 | M46: 38467 | N46: 4.7 | O46: 0 | P46: 38467 | Q46: 5.66 | R46: 0 | S46: 38461 | T46: 30.16 | U46: 0 | V46: 38461 | W46: 2.71 | X46: 0 | Y46: 38133 | Z46: 29.6 | AA46: 0 | AB46: 38133 | AC46: 6.82 | AD46: 0 | AE46: 41617 | AF46: 93.15 | AG46: 0 | AH46: 40283 | AI46: 61.19 | AJ46: 0 | AK46: 41976 | AL46: 37.77 | AM46: 0 | AN46: 41936 | AO46: 67.71 | AP46: 0 | AT46: 42157 | AU46: 73.5 | AV46: 0 | AW46: 42157 | AX46: 37.22 | AY46: 0
A47: 42955 | B47: 41.8 | C47: 0 | D47: 44534 | E47: 9.72 | F47: 0 | G47: 45349 | H47: =0.0257*(9.25^3) - 0.274*(9^2) - 0.0495*(9) + 9.249 -> 6.9498453 | I47: 0 | J47: 42353 | K47: 74.49 | L47: 0 | M47: 38474 | N47: 4.75 | O47: 0 | P47: 38474 | Q47: 5.65 | R47: 0 | S47: 38596 | T47: 30.44 | U47: 0 | V47: 38596 | W47: 2.55 | X47: 0 | Y47: 38153 | Z47: 29.04 | AA47: 0 | AB47: 38153 | AC47: 6.57 | AD47: 0 | AE47: 41647 | AF47: 93.35 | AG47: 0 | AH47: 40284 | AI47: 61.19 | AJ47: 0 | AK47: 42009 | AL47: 37.65 | AM47: 0 | AN47: 41976 | AO47: 68.06 | AP47: 0 | AT47: 42220 | AU47: 73.82 | AV47: 0 | AW47: 42221 | AX47: 37.39 | AY47: 0
A48: 43048 | B48: 41.99 | C48: 0 | D48: 44637 | E48: 9.81 | F48: 0 | G48: 45581 | H48: =0.0257*(9.19^3) - 0.274*(9^2) - 0.0495*(9) + 9.249 -> 6.5565951 | I48: 1 | J48: 42387 | K48: 74.6 | L48: 0 | M48: 38485 | N48: 4.8 | O48: 0 | P48: 38485 | Q48: 5.6 | R48: 0 | S48: 38653 | T48: 30.56 | U48: 0 | V48: 38653 | W48: 2.9 | X48: 0 | Y48: 38161 | Z48: 29.35 | AA48: 0 | AB48: 38161 | AC48: 6.62 | AD48: 0 | AE48: 41683 | AF48: 93.17 | AG48: 0 | AH48: 40287 | AI48: 59.72 | AJ48: 0 | AK48: 42107 | AL48: 38.28 | AM48: 0 | AN48: 42009 | AO48: 67.99 | AP48: 0 | AT48: 42353 | AU48: 74.4 | AV48: 0 | AW48: 42292 | AX48: 37.58 | AY48: 0
A49: 43160 | B49: 42.107111 | C49: 1 | D49: 44834 | E49: 9.9 | F49: 1 | G49: 45731 | H49: =0.0257*(9.26^3) - 0.274*(9^2) - 0.0495*(9) + 9.249 -> 7.0158853 | I49: 1 | J49: 42429 | K49: 74.87 | L49: 0 | M49: 38592 | N49: 5.15 | O49: 0 | P49: 38592 | Q49: 5.63 | R49: 0 | S49: 38687 | T49: 30.62 | U49: 0 | V49: 38687 | W49: 2.71 | X49: 0 | Y49: 38169 | Z49: 29.73 | AA49: 0 | AB49: 38169 | AC49: 6.89 | AD49: 0 | AE49: 41731 | AF49: 93.8 | AG49: 0 | AH49: 40501 | AI49: 58.35 | AJ49: 0 | AK49: 42157 | AL49: 38 | AM49: 0 | AN49: 42157 | AO49: 68.64 | AP49: 0 | AT49: 42429 | AU49: 75.14 | AV49: 0 | AW49: 42353 | AX49: 37.71 | AY49: 0
A50: 43320 | B50: 42.377042 | C50: 0 | D50: 45028 | E50: 10.3 | F50: 0 | G50: 45930 | H50: =0.0257*(9.33^3) - 0.274*(9^2) - 0.0495*(9) + 9.249 -> 7.4821723 | I50: 0 | J50: 42471 | K50: 74.87 | L50: 0 | M50: 38629 | N50: 4.8 | O50: 0 | P50: 38629 | Q50: 5.32 | R50: 0 | S50: 39471 | T50: 37.13 | U50: 0 | V50: 39471 | W50: 3.89 | X50: 0 | Y50: 38183 | Z50: 29.83 | AA50: 0 | AB50: 38183 | AC50: 6.97 | AD50: 0 | AE50: 41764 | AF50: 94.03 | AG50: 0 | AH50: 40502 | AI50: 58.36 | AJ50: 0 | AK50: 42220 | AL50: 38.24 | AM50: 0 | AN50: 42220 | AO50: 68.91 | AP50: 0 | AT50: 42591 | AU50: 75.44 | AV50: 0 | AW50: 42387 | AX50: 37.97 | AY50: 0
A51: 43427 | B51: 42.652899 | C51: 0 | D51: 45222 | E51: 10.5 | F51: 1 | G51: Total | H51: =COUNT(H3:H50) -> 48 | I51: =SUM(I3:I50) -> 9 | J51: 42557 | K51: 75.15 | L51: 0 | M51: 38653 | N51: 5.22 | O51: 0 | P51: 38653 | Q51: 5.7 | R51: 0 | S51: 39507 | T51: 36.36 | U51: 0 | V51: 39507 | W51: 3.36 | X51: 0 | Y51: 38197 | Z51: 29.66 | AA51: 0 | AB51: 38197 | AC51: 6.9 | AD51: 0 | AE51: 41793 | AF51: 94.15 | AG51: 0 | AH51: 40503 | AI51: 58.7 | AJ51: 0 | AK51: 42255 | AL51: 38.37 | AM51: 0 | AN51: 42292 | AO51: 69.08 | AP51: 0 | AT51: 42685 | AU51: 75.79 | AV51: 1 | AW51: 42429 | AX51: 38.04 | AY51: 0
A52: 43508 | B52: 42.934777 | C52: 1 | D52: 45302 | E52: 10.81 | F52: 1 | J52: 42541 | K52: 75.56 | L52: 0 | M52: 38665 | N52: 5.68 | O52: 0 | P52: 38665 | Q52: 5.48 | R52: 0 | S52: 39538 | T52: 36.46 | U52: 0 | V52: 39538 | W52: 3.27 | X52: 0 | Y52: 38203 | Z52: 29.76 | AA52: 0 | AB52: 38203 | AC52: 6.92 | AD52: 0 | AE52: 41830 | AF52: 94.24 | AG52: 0 | AH52: 40504 | AI52: 58.37 | AJ52: 0 | AK52: 42292 | AL52: 38.34 | AM52: 0 | AN52: 42353 | AO52: 69.43 | AP52: 0 | AT52: 42748 | AU52: 75.91 | AV52: 1 | AW52: 42471 | AX52: 38.13 | AY52: 0
A53: 43657 | B53: 43.222774 | C53: 0 | D53: 45418 | E53: 10.7 | F53: 0 | J53: 42591 | K53: 75.76 | L53: 0 | M53: 38687 | N53: 4.64 | O53: 0 | P53: 38687 | Q53: 5.23 | R53: 0 | S53: 39612 | T53: 37.11 | U53: 0 | V53: 39612 | W53: 2.9 | X53: 0 | Y53: 38209 | Z53: 29.39 | AA53: 0 | AB53: 38209 | AC53: 6.6 | AD53: 0 | AE53: 41877 | AF53: 94.42 | AG53: 0 | AH53: 40505 | AI53: 58.79 | AJ53: 0 | AK53: 42306 | AL53: 38.58 | AM53: 0 | AN53: 42387 | AO53: 70.59 | AP53: 0 | AT53: 42781 | AU53: 76.34 | AV53: 0 | AW53: 42591 | AX53: 38.34 | AY53: 0
A54: 43806 | B54: 43.516989 | C54: 0 | D54: 45623 | E54: 11.8 | F54: 0 | J54: 42852 | K54: 76.21 | L54: 0 | M54: 38754 | N54: 4.46 | O54: 0 | P54: 38754 | Q54: 5.6 | R54: 0 | S54: 39643 | T54: 37.55 | U54: 0 | V54: 39643 | W54: 3.24 | X54: 0 | Y54: 38217 | Z54: 29.8 | AA54: 0 | AB54: 38217 | AC54: 6.9 | AD54: 0 | AE54: 41906 | AF54: 94.73 | AG54: 0 | AH54: 40506 | AI54: 58.34 | AJ54: 0 | AK54: 42353 | AL54: 38.54 | AM54: 0 | AN54: 42429 | AO54: 69.82 | AP54: 0 | AT54: 42865 | AU54: 75.77 | AV54: 0 | AW54: 42702 | AX54: 38.73 | AY54: 0
A55: 43842 | B55: 43.817523 | C55: 1 | D55: 45775 | E55: 12.3 | F55: 0 | J55: 42888 | K55: 76.29 | L55: 0 | M55: 38779 | N55: 4.37 | O55: 0 | P55: 38779 | Q55: 5.57 | R55: 0 | S55: 39805 | T55: 37.73 | U55: 0 | V55: 39805 | W55: 3.57 | X55: 0 | Y55: 38226 | Z55: 29.73 | AA55: 0 | AB55: 38226 | AC55: 6.82 | AD55: 0 | AE55: 41976 | AF55: 95.01 | AG55: 0 | AH55: 40507 | AI55: 58.58 | AJ55: 0 | AK55: 42387 | AL55: 38.81 | AM55: 0 | AN55: 42471 | AO55: 69.93 | AP55: 0 | AT55: 43049 | AU55: 76.34 | AV55: 1 | AW55: 42774 | AX55: 38.98 | AY55: 0
A56: 43962 | B56: 44.124481 | C56: 0 | D56: 45941 | E56: 12.55 | F56: 1 | J56: 42902 | K56: 76.47 | L56: 0 | M56: 38817 | N56: 4.59 | O56: 0 | P56: 38817 | Q56: 5.62 | R56: 0 | S56: 39847 | T56: 37.32 | U56: 0 | V56: 39847 | W56: 3.08 | X56: 0 | Y56: 38230 | Z56: 30.11 | AA56: 0 | AB56: 38230 | AC56: 6.97 | AD56: 0 | AE56: 42009 | AF56: 95.42 | AG56: 0 | AH56: 40508 | AI56: 58.22 | AJ56: 0 | AK56: 42429 | AL56: =(AL55+AL57)/2 -> 38.89 | AM56: 0 | AN56: 42557 | AO56: 70.88 | AP56: 0 | AT56: 43199 | AU56: 76.87 | AV56: 0 | AW56: 42865 | AX56: 39.13 | AY56: 0
A57: 44111 | B57: 44.437966 | C57: 1 | D57: Total | E57: =COUNT(E3:E56) -> 54 | F57: =SUM(F3:F56) -> 11 | J57: 42955 | K57: 76.57 | L57: 0 | M57: 38825 | N57: 4.53 | O57: 0 | P57: 38825 | Q57: 5.64 | R57: 0 | S57: 39881 | T57: 37.02 | U57: 0 | V57: 39881 | W57: 3.21 | X57: 0 | Y57: 38237 | Z57: 30.05 | AA57: 0 | AB57: 38237 | AC57: 6.95 | AD57: 0 | AE57: 42035 | AF57: 95.58 | AG57: 0 | AH57: 40509 | AI57: 58 | AJ57: 0 | AK57: 42471 | AL57: 38.97 | AM57: 0 | AN57: 42591 | AO57: 70.51 | AP57: 0 | AT57: 43324 | AU57: 78.1 | AV57: 0 | AW57: 42887 | AX57: 39.21 | AY57: 0
A58: 44177 | B58: 44.758086 | C58: 0 | J58: 43048 | K58: 76.85 | L58: 0 | M58: 38833 | N58: 4.42 | O58: 0 | P58: 38833 | Q58: 5.42 | R58: 0 | S58: 40184 | T58: 37.63 | U58: 0 | V58: 39939 | W58: 2.7 | X58: 0 | Y58: 38246 | Z58: 30.47 | AA58: 0 | AB58: 38246 | AC58: 6.92 | AD58: 0 | AE58: 42063 | AF58: 95.68 | AG58: 0 | AH58: 40510 | AI58: 58 | AJ58: 0 | AK58: 42557 | AL58: 39.34 | AM58: 0 | AN58: 42663 | AO58: 70.73 | AP58: 0 | AT58: 43407 | AU58: 77.45 | AV58: 1 | AW58: 42955 | AX58: 39.17 | AY58: 0
A59: 44207 | B59: 45.084951 | C59: 1 | J59: 43123 | K59: 77.11 | L59: 0 | M59: 38844 | N59: 4.42 | O59: 0 | P59: 38844 | Q59: 5.3 | R59: 0 | S59: 40313 | T59: 36.87 | U59: 1 | V59: 40227 | W59: 2.89 | X59: 1 | Y59: 38251 | Z59: 30.43 | AA59: 0 | AB59: 38251 | AC59: 6.87 | AD59: 0 | AE59: 42087 | AF59: 95.86 | AG59: 0 | AH59: 40511 | AI59: 57.98 | AJ59: 0 | AK59: 42591 | AL59: 39.22 | AM59: 0 | AN59: 42774 | AO59: 71.53 | AP59: 0 | AT59: 43559 | AU59: 79.36 | AV59: 0 | AW59: 43048 | AX59: 39.61 | AY59: 0
A60: 44293 | B60: 45.418672 | C60: 0 | J60: 43559 | K60: 79.42 | L60: 0 | M60: 38849 | N60: 4.31 | O60: 0 | P60: 38849 | Q60: 5.22 | R60: 0 | S60: 40494 | T60: 36.21 | U60: 0 | V60: 40372 | W60: 2.93 | X60: 1 | Y60: 38286 | Z60: 31.7 | AA60: 0 | AB60: 38286 | AC60: 6.94 | AD60: 0 | AE60: 42157 | AF60: 96 | AG60: 0 | AH60: 40512 | AI60: 58.1 | AJ60: 0 | AK60: 42774 | AL60: 39.98 | AM60: 0 | AN60: 42852 | AO60: 72.5 | AP60: 0 | AT60: 43729 | AU60: 79.91 | AV60: 1 | AW60: 43170 | AX60: 40.12 | AY60: 1
A61: 44411 | B61: 45.759361 | C61: 0 | J61: 43697 | K61: 79.98 | L61: 0 | M61: 38860 | N61: 4.46 | O61: 0 | P61: 38860 | Q61: 5.2 | R61: 0 | S61: 40506 | T61: 37.25 | U61: 1 | V61: 40540 | W61: 2.96 | X61: 0 | Y61: 38308 | Z61: 31.84 | AA61: 0 | AB61: 38308 | AC61: 6.91 | AD61: 0 | AE61: 42220 | AF61: 96.2 | AG61: 0 | AH61: 40513 | AI61: 57.67 | AJ61: 0 | AK61: 42865 | AL61: 39.82 | AM61: 0 | AN61: 42865 | AO61: 72.21 | AP61: 0 | AT61: 43871 | AU61: 79.56 | AV61: 0 | AW61: 43360 | AX61: 41.59 | AY61: 1
A62: 44486 | B62: 46.107133 | C62: 1 | J62: 43759 | K62: 81.53 | L62: 0 | M62: 38929 | N62: 4.41 | O62: 0 | P62: 38929 | Q62: 5.27 | R62: 0 | S62: 40660 | T62: 36.71 | U62: 0 | V62: 40640 | W62: 3.13 | X62: 0 | Y62: 38313 | Z62: 31.64 | AA62: 0 | AB62: 38313 | AC62: 7.22 | AD62: 0 | AE62: 42255 | AF62: 96.39 | AG62: 0 | AH62: 40527 | AI62: 58.96 | AJ62: 0 | AK62: 42887 | AL62: 39.9 | AM62: 0 | AN62: 42887 | AO62: 72.32 | AP62: 0 | AT62: 44017 | AU62: 80.78 | AV62: 1 | AW62: 43608 | AX62: 42.68 | AY62: 0
A63: 44507 | B63: 46.462106 | C63: 0 | J63: 44440 | K63: 82.9 | L63: 0 | M63: 38960 | N63: 4.5 | O63: 0 | P63: 38960 | Q63: 5.21 | R63: 0 | S63: 40857 | T63: 36.91 | U63: 1 | V63: 40810 | W63: 2.94 | X63: 1 | Y63: 38342 | Z63: 31.72 | AA63: 0 | AB63: 38342 | AC63: 6.84 | AD63: 0 | AE63: 42292 | AF63: 96.68 | AG63: 0 | AH63: 40528 | AI63: 58.98 | AJ63: 0 | AK63: 42955 | AL63: 39.71 | AM63: 0 | AN63: 42955 | AO63: 72.7 | AP63: 0 | AT63: 44206 | AU63: 81.56 | AV63: 0 | AW63: 43791 | AX63: 42.16 | AY63: 0
A64: 44539 | B64: 46.824397 | C64: 1 | J64: 44599 | K64: 83.83 | L64: 0 | M64: 39085 | N64: 4.44 | O64: 0 | P64: 39085 | Q64: 5.55 | R64: 0 | S64: 40934 | T64: 36.73 | U64: 0 | V64: 40899 | W64: 3.24 | X64: 1 | Y64: 38364 | Z64: 31.9 | AA64: 0 | AB64: 38364 | AC64: 6.9 | AD64: 0 | AE64: 42353 | AF64: 97.1 | AG64: 0 | AH64: 40529 | AI64: 58.94 | AJ64: 0 | AK64: 43011 | AL64: 39.57 | AM64: 0 | AN64: 43048 | AO64: 73.37 | AP64: 0 | AT64: 44460 | AU64: 80.79 | AV64: 1 | AW64: 43928 | AX64: 42.81 | AY64: 0
A65: 44600 | B65: 47.17 | C65: 0 | J65: 44846 | K65: 82.078147 | L65: 1 | M65: 39140 | N65: 4.57 | O65: 0 | P65: 39140 | Q65: 5.55 | R65: 0 | S65: 41025 | T65: 37.83 | U65: 0 | V65: 40934 | W65: 3.11 | X65: 0 | Y65: 38378 | Z65: 32.5 | AA65: 0 | AB65: 38378 | AC65: 6.91 | AD65: 0 | AE65: 42387 | AF65: 97.4 | AG65: 0 | AH65: 40530 | AI65: 58.94 | AJ65: 0 | AK65: 43123 | AL65: 39.41 | AM65: 0 | AN65: 43123 | AO65: 73.82 | AP65: 0 | AT65: 44606 | AU65: 82.75 | AV65: 0 | AW65: 44085 | AX65: 42.95 | AY65: 1
A66: 44697 | B66: 47.152342 | C66: 1 | J66: 44900 | K66: 80.886988 | L66: 0 | M66: 39184 | N66: 4.82 | O66: 0 | P66: 39184 | Q66: 5.67 | R66: 0 | S66: 41059 | T66: 38.8 | U66: 0 | V66: 41025 | W66: 3.05 | X66: 0 | Y66: 38391 | Z66: 32.6 | AA66: 0 | AB66: 38391 | AC66: 6.88 | AD66: 0 | AE66: 42429 | AF66: 97.6 | AG66: 0 | AH66: 40531 | AI66: 58.93 | AJ66: 0 | AK66: 43323 | AL66: 39.5 | AM66: 1 | AN66: 43263 | AO66: 74.75 | AP66: 0 | AT66: 44809 | AU66: 83.41 | AV66: 0 | AW66: 44213 | AX66: 43.21 | AY66: 0
A67: 44821 | B67: 47.451891 | C67: 0 | J67: 45008 | K67: 79.79405 | L67: 1 | M67: 39213 | N67: 4.61 | O67: 0 | P67: 39213 | Q67: 5.41 | R67: 0 | S67: 41072 | T67: 39.04 | U67: 0 | V67: 41059 | W67: 2.84 | X67: 0 | Y67: 38404 | Z67: 32.62 | AA67: 0 | AB67: 38404 | AC67: 7 | AD67: 0 | AE67: 42471 | AF67: 97.71 | AG67: 0 | AH67: 40532 | AI67: 58.93 | AJ67: 0 | AK67: 43419 | AL67: 39.7 | AM67: 1 | AN67: 43348 | AO67: 75.08 | AP67: 0 | AT67: 44929 | AU67: 84.7 | AV67: 1 | AW67: 44481 | AX67: 43.44 | AY67: 1
A68: 45038 | B68: 47.756301 | C68: 0 | J68: 45210 | K68: 78.793515 | L68: 1 | M68: 39231 | N68: 4.77 | O68: 0 | P68: 39231 | Q68: 5.36 | R68: 0 | S68: 41171 | T68: 40.35 | U68: 0 | V68: 41072 | W68: 2.8 | X68: 0 | Y68: 38453 | Z68: 33.42 | AA68: 0 | AB68: 38427 | AC68: 6.91 | AD68: 0 | AE68: 42494 | AF68: 97.82 | AG68: 0 | AH68: 40533 | AI68: 58.92 | AJ68: 0 | AK68: 43558 | AL68: 40.09 | AM68: 0 | AN68: 43263 | AO68: 74.75 | AP68: 0 | AT68: 45155 | AU68: 85.98 | AV68: 1 | AW68: 44600 | AX68: 43.57 | AY68: 0
A69: 45241 | B69: 48.065638 | C69: 1 | J69: 45302 | K69: 77.88 | L69: 0 | M69: 39253 | N69: 4.7 | O69: 0 | P69: 39253 | Q69: 5.1 | R69: 0 | S69: 41228 | T69: 45.58 | U69: 0 | V69: 41171 | W69: 2.63 | X69: 0 | Y69: 38461 | Z69: 33.27 | AA69: 0 | AB69: 38442 | AC69: 7.01 | AD69: 0 | AE69: 42591 | AF69: 98.1 | AG69: 0 | AH69: 40534 | AI69: 58.92 | AJ69: 0 | AK69: 43697 | AL69: 40.4 | AM69: 0 | AN69: 43348 | AO69: 75.08 | AP69: 0 | AT69: 45356 | AU69: 86.11 | AV69: 0 | AW69: 44785 | AX69: 44.04 | AY69: 0
... A71: 45557 | B71: 48.699349 | C71: 0 | J71: 45647 | K71: 76.29443 | L71: 1 | M71: 39377 | N71: 5.16 | O71: 0 | P71: 39377 | Q71: 5.67 | R71: 0 | S71: 41278 | T71: 40.61 | U71: 0 | V71: 41278 | W71: 3.16 | X71: 0 | Y71: 38474 | Z71: 33.47 | AA71: 0 | AB71: 38461 | AC71: 6.55 | AD71: 0 | AE71: 42784 | AF71: 98.93 | AG71: 0 | AH71: 40536 | AI71: 58.95 | AJ71: 0 | AK71: 43964 | AL71: 41 | AM71: 0 | AN71: 43697 | AO71: 76.95 | AP71: 0 | AT71: 45626 | AU71: 88.1 | AV71: 1 | AW71: 45068 | AX71: 43.67 | AY71: 1
A72: 45753 | B72: 49.023855 | C72: 1 | J72: 45787 | K72: 75.613442 | L72: 0 | M72: 39492 | N72: 4.69 | O72: 0 | P72: 39471 | Q72: 6.46 | R72: 0 | S72: 41401 | T72: 40.7 | U72: 0 | V72: 41401 | W72: 3.13 | X72: 0 | Y72: 38485 | Z72: 32.61 | AA72: 0 | AB72: 38467 | AC72: 6.95 | AD72: 0 | AE72: 42852 | AF72: 99.56 | AG72: 0 | AH72: 40537 | AI72: 58.94 | AJ72: 0 | AK72: 44008 | AL72: 41.47 | AM72: 0 | AN72: 43810 | AO72: 77.12 | AP72: 1 | AT72: 11/43/2025 | AU72: 88.45 | AV72: 1 | AW72: 45205 | AX72: 44.92 | AY72: 0
A73: 45972 | B73: 49.13 | C73: 0 | J73: 45894 | K73: 75.001533 | L73: 1 | M73: 39538 | N73: 4.81 | O73: 0 | P73: 39538 | Q73: 5.51 | R73: 0 | S73: 41436 | T73: 40.78 | U73: 0 | V73: 41436 | W73: 3 | X73: 0 | Y73: 38524 | Z73: 33.9 | AA73: 0 | AB73: 38474 | AC73: 6.79 | AD73: 0 | AE73: 42888 | AF73: 99.69 | AG73: 0 | AH73: 40538 | AI73: 58.93 | AJ73: 0 | AK73: 44211 | AL73: 41.87 | AM73: 1 | AN73: 43897 | AO73: 77.25 | AP73: 1 | AT73: 45916 | AU73: 89.76 | AV73: 0 | AW73: 45293 | AX73: 44.97 | AY73: 1
A74: Total | B74: =COUNT(B3:B73) -> 71 | C74: =SUM(C3:C73) -> 10 | J74: 45971 | K74: 74.454937 | L74: 0 | M74: 39612 | N74: 5.79 | O74: 0 | P74: 39612 | Q74: 6.28 | R74: 0 | S74: 41471 | T74: 40.89 | U74: 0 | V74: 41471 | W74: 2.8 | X74: 0 | Y74: 38538 | Z74: 34.15 | AA74: 0 | AB74: 38485 | AC74: 6.16 | AD74: 0 | AE74: 42955 | AF74: 99.99 | AG74: 0 | AH74: 40539 | AI74: 58.93 | AJ74: 0 | AK74: 44325 | AL74: 41.45 | AM74: 0 | AN74: 44022 | AO74: 78.56 | AP74: 0 | AT74: Total | AU74: =COUNT(AU3:AU73) -> 71 | AV74: =SUM(AV3:AV73) -> 11 | AW74: 45575 | AX74: 45 | AY74: 0
J75: Total | K75: =COUNT(K3:K74) -> 72 | L75: =SUM(L3:L74) -> 6 | M75: 39643 | N75: 4.72 | O75: 0 | P75: 39643 | Q75: 5.26 | R75: 0 | S75: 41506 | T75: 40.78 | U75: 0 | V75: 41506 | W75: 2.87 | X75: 0 | Y75: 38583 | Z75: 34 | AA75: 0 | AB75: 38740 | AC75: 6.86 | AD75: 0 | AE75: 42557 | AF75: 98.61 | AG75: 0 | AH75: 40540 | AI75: 58.93 | AJ75: 0 | AK75: 44411 | AL75: 42.1 | AM75: 1 | AN75: 44155 | AO75: 78.9 | AP75: 0 | AW75: 45689 | AX75: 45.22 | AY75: 1
M76: 39714 | N76: 4.73 | O76: 0 | P76: 39714 | Q76: 4.83 | R76: 0 | S76: 41556 | T76: 40.9 | U76: 0 | V76: 41556 | W76: 2.92 | X76: 0 | Y76: 38596 | Z76: 33.53 | AA76: 0 | AB76: 38754 | AC76: 6.87 | AD76: 0 | AE76: 42663 | AF76: 98.43 | AG76: 0 | AH76: 40541 | AI76: 58.92 | AJ76: 0 | AK76: 44440 | AL76: 42.14 | AM76: 0 | AN76: 44235 | AO76: 79.15 | AP76: 1 | AW76: 45892 | AX76: 45.74 | AY76: 1
M77: 39847 | N77: 4.64 | O77: 0 | P77: 39847 | Q77: 5.3 | R77: 0 | S77: 41617 | T77: 41.04 | U77: 0 | V77: 41617 | W77: 2.62 | X77: 0 | Y77: 38629 | Z77: 35.35 | AA77: 0 | AB77: 40227 | AC77: 6.94 | AD77: 1 | AE77: 42774 | AF77: 98.93 | AG77: 0 | AH77: 40542 | AI77: 58.88 | AJ77: 0 | AK77: 44662 | AL77: 42.25 | AM77: 1 | AN77: 44361 | AO77: 80.11 | AP77: 0 | AW77: 45972 | AX77: 45.94 | AY77: 0
M78: 39881 | N78: 4.72 | O78: 0 | P78: 39881 | Q78: 5.44 | R78: 0 | S78: 41647 | T78: 41.1 | U78: 0 | V78: 41647 | W78: 2.7 | X78: 0 | Y78: 38653 | Z78: 35.17 | AA78: 0 | AB78: 40372 | AC78: 7.3 | AD78: 0 | AE78: 43048 | AF78: 100.45 | AG78: 0 | AH78: 40543 | AI78: 58.85 | AJ78: 0 | AK78: 44766 | AL78: 42.39 | AM78: 0 | AN78: 44440 | AO78: 80.97 | AP78: 0 | AW78: Total | AX78: =COUNT(AX3:AX77) -> 75 | AY78: =SUM(AY3:AY77) -> 8
M79: 39939 | N79: 5.03 | O79: 0 | P79: 39939 | Q79: 5.41 | R79: 0 | S79: 41683 | T79: 41.19 | U79: 0 | V79: 41683 | W79: 3.06 | X79: 0 | Y79: 38665 | Z79: 35.67 | AA79: 0 | AB79: 40540 | AC79: 7.49 | AD79: 1 | AE79: 43069 | AF79: 101.03 | AG79: 0 | AH79: 40544 | AI79: 58.9 | AJ79: 0 | AK79: 44837 | AL79: 41.21 | AM79: 1 | AN79: 44671 | AO79: 80.47 | AP79: 1
M80: 40011 | N80: 4.9 | O80: 0 | P80: 40011 | Q80: 5.11 | R80: 0 | S80: 41731 | T80: 41.1 | U80: 0 | V80: 41731 | W80: 3.31 | X80: 0 | Y80: 38687 | Z80: 35.58 | AA80: 0 | AB80: 40575 | AC80: 7.6 | AD80: 0 | AE80: 43123 | AF80: 100.79 | AG80: 0 | AH80: 40545 | AI80: 57.5 | AJ80: 0 | AK80: 44960 | AL80: 42.12 | AM80: 0 | AN80: 44784 | AO80: 81.11 | AP80: 1
M81: 40049 | N81: 4.86 | O81: 0 | P81: 40049 | Q81: 5 | R81: 0 | S81: 41764 | T81: 41.44 | U81: 0 | V81: 41764 | W81: 2.96 | X81: 0 | Y81: 38740 | Z81: 36 | AA81: 0 | AB81: 40679 | AC81: 7.65 | AD81: 0 | AE81: 43263 | AF81: 101.74 | AG81: 0 | AH81: 40546 | AI81: 57.95 | AJ81: 0 | AK81: 45210 | AL81: 42.33 | AM81: 0 | AN81: 44894 | AO81: 82.1 | AP81: 0
M82: 40190 | N82: 4.59 | O82: 0 | P82: 40190 | Q82: 4.59 | R82: 0 | S82: 41793 | T82: 41.56 | U82: 0 | V82: 41793 | W82: 2.94 | X82: 0 | Y82: 38754 | Z82: 34.93 | AA82: 0 | AB82: 40745 | AC82: 7.69 | AD82: 0 | AE82: 43297 | AF82: 101.85 | AG82: 0 | AH82: 40547 | AI82: 56.5 | AJ82: 0 | AK82: 45343 | AL82: 42.78 | AM82: 1 | AN82: 45060 | AO82: 82.31 | AP82: 0
M83: 40190 | N83: 4.59 | O83: 0 | P83: 40190 | Q83: 4.59 | R83: 0 | S83: 41877 | T83: 41.96 | U83: 0 | V83: 41877 | W83: 2.77 | X83: 0 | Y83: 38779 | Z83: 35.94 | AA83: 0 | AB83: 40777 | AC83: 7.65 | AD83: 0 | AE83: 43348 | AF83: 102.19 | AG83: 0 | AH83: 40548 | AI83: 55.9 | AJ83: 0 | AK83: 45449 | AL83: 42.87 | AM83: 0 | AN83: 45187 | AO83: 82.55 | AP83: 1
M84: 40238 | N84: 6.4 | O84: 0 | P84: 40238 | Q84: 6.96 | R84: 0 | S84: 41936 | T84: 42.11 | U84: 0 | V84: 41936 | W84: 2.53 | X84: 0 | Y84: 38817 | Z84: =(Z83+Z85)/2 -> 35.575 | AA84: 0 | AB84: 40800 | AC84: 7.68 | AD84: 0 | AE84: 43558 | AF84: 103.08 | AG84: 0 | AH84: 40549 | AI84: 55.95 | AJ84: 0 | AK84: 45558 | AL84: 43.7 | AM84: 1 | AN84: 45461 | AO84: 83.78 | AP84: 0
M85: 40287 | N85: 5.76 | O85: 0 | P85: 40287 | Q85: 5.54 | R85: 0 | S85: 42009 | T85: 42.1 | U85: 0 | V85: 42009 | W85: 3 | X85: 0 | Y85: 38825 | Z85: 35.21 | AA85: 0 | AB85: 40814 | AC85: 7.7 | AD85: 0 | AE85: 43697 | AF85: 103.9 | AG85: 0 | AH85: 40745 | AI85: 57.99 | AJ85: 0 | AK85: 45818 | AL85: 43.54 | AM85: 1 | AN85: 45575 | AO85: 84.4 | AP85: 0
M86: 40331 | N86: 5.71 | O86: 0 | P86: 40331 | Q86: 5.61 | R86: 0 | S86: 42109 | T86: 42.37 | U86: 0 | V86: 42109 | W86: 2.65 | X86: 0 | Y86: 38833 | Z86: 35.12 | AA86: 0 | AB86: 40834 | AC86: 7.7 | AD86: 0 | AE86: 43759 | AF86: 105.76 | AG86: 0 | AH86: 40777 | AI86: 55.8 | AJ86: 0 | AK86: 45972 | AL86: 43.72 | AM86: 0 | AN86: 45759 | AO86: 85.31 | AP86: 1
M87: 40393 | N87: 5.65 | O87: 0 | P87: 40393 | Q87: 5.3 | R87: 0 | S87: 42220 | T87: 42.51 | U87: 0 | V87: 42220 | W87: 3.3 | X87: 0 | Y87: 38844 | Z87: 35.98 | AA87: 0 | AB87: 40911 | AC87: 6.75 | AD87: 0 | AE87: 43914 | AF87: 105.38 | AG87: 0 | AH87: 40814 | AI87: 56.4 | AJ87: 0 | AK87: Total | AL87: =COUNT(AL3:AL86) -> 84 | AM87: =SUM(AM3:AM86) -> 9 | AN87: 45941 | AO87: 86.08 | AP87: 0
M88: 40498 | N88: 5.18 | O88: 0 | P88: 40498 | Q88: 4.66 | R88: 0 | S88: 42306 | T88: 42.79 | U88: 0 | V88: 42306 | W88: 2.72 | X88: 0 | Y88: 38849 | Z88: 35.44 | AA88: 0 | AB88: 40934 | AC88: 6.94 | AD88: 0 | AE88: 43963 | AF88: 106.46 | AG88: 1 | AH88: 40834 | AI88: 55.25 | AJ88: 0 | AN88: Total | AO88: =COUNT(AO3:AO87) -> 85 | AP88: =SUM(AP3:AP87) -> 7
M89: 40777 | N89: 4.77 | O89: 0 | P89: 40777 | Q89: 4.85 | R89: 0 | S89: 42353 | T89: =(T88+T90)/2 -> 42.845 | U89: 0 | V89: 42353 | W89: 3.26 | X89: 0 | Y89: 38860 | Z89: 35.81 | AA89: 0 | AB89: 40963 | AC89: 7.34 | AD89: 0 | AE89: 44012 | AF89: 106.77 | AG89: 0 | AH89: 40864 | AI89: 50.9 | AJ89: 0
M90: 40814 | N90: 4.61 | O90: 0 | P90: 40814 | Q90: 4.65 | R90: 0 | S90: 42387 | T90: 42.9 | U90: 0 | V90: 42387 | W90: 3.36 | X90: 0 | Y90: 38909 | Z90: 35.42 | AA90: 0 | AB90: 41059 | AC90: 6.85 | AD90: 0 | AE90: 44160 | AF90: 107.11 | AG90: 1 | AH90: 40889 | AI90: 49.7 | AJ90: 0
M91: 40834 | N91: 4.65 | O91: 0 | P91: 40834 | Q91: 4.76 | R91: 0 | S91: 42429 | T91: 42.98 | U91: 0 | V91: 42429 | W91: 3.36 | X91: 0 | Y91: 38929 | Z91: 36.18 | AA91: 0 | AB91: 41368 | AC91: 7.17 | AD91: 0 | AE91: 44489 | AF91: 107.32 | AG91: 0 | AH91: 40911 | AI91: 52.6 | AJ91: 0
M92: 40911 | N92: 4.6 | O92: 0 | P92: 40911 | Q92: 4.7 | R92: 0 | S92: 42471 | T92: 43.27 | U92: 0 | V92: 42471 | W92: 3.55 | X92: 0 | Y92: 38960 | Z92: 35.92 | AA92: 0 | AB92: 41401 | AC92: 7.26 | AD92: 0 | AE92: 44525 | AF92: 109.36 | AG92: 0 | AH92: 40967 | AI92: 54.3 | AJ92: 0
M93: 40967 | N93: 4.95 | O93: 0 | P93: 40967 | Q93: 5.2 | R93: 0 | S93: 42611 | T93: 43.65 | U93: 0 | V93: 42611 | W93: 3.04 | X93: 0 | Y93: 38974 | Z93: 36.35 | AA93: 0 | AB93: 41437 | AC93: 7.03 | AD93: 0 | AE93: 44526 | AF93: 109.36 | AG93: 0 | AH93: 41017 | AI93: 58.18 | AJ93: 0
M94: 41011 | N94: 5.1 | O94: 0 | P94: 41011 | Q94: 5.35 | R94: 0 | S94: 42781 | T94: 43.64 | U94: 0 | V94: 42781 | W94: 3.33 | X94: 0 | Y94: 38999 | Z94: 36.85 | AA94: 0 | AB94: 42220 | AC94: 7.63 | AD94: 0 | AE94: 44609 | AF94: 108.6 | AG94: 0 | AH94: 41041 | AI94: 58.05 | AJ94: 0
M95: 41072 | N95: 4.65 | O95: 0 | P95: 41072 | Q95: 5.22 | R95: 0 | S95: 42794 | T95: 43.45 | U95: 0 | V95: 42794 | W95: 3.06 | X95: 0 | Y95: 39085 | Z95: 37.09 | AA95: 0 | AB95: 42306 | AC95: 7.4 | AD95: 1 | AE95: 44768 | AF95: 110.17 | AG95: 0 | AH95: 41191 | AI95: 57.26 | AJ95: 0
M96: 41278 | N96: 4.35 | O96: 0 | P96: 41278 | Q96: 4.94 | R96: 0 | S96: 43559 | T96: 44.47 | U96: 0 | V96: 42867 | W96: 3.11 | X96: 1 | Y96: 39107 | Z96: 36.98 | AA96: 0 | AB96: 42353 | AC96: 7.1 | AD96: 0 | AE96: 44778 | AF96: 110.41 | AG96: 0 | AH96: 41235 | AI96: 58.05 | AJ96: 0
M97: 41401 | N97: 4.9 | O97: 0 | P97: 41401 | Q97: 5.47 | R97: 0 | S97: 43763 | T97: 53.37 | U97: 0 | V97: 43064 | W97: 3.15 | X97: 0 | Y97: 39140 | Z97: 36.9 | AA97: 0 | AB97: 42512 | AC97: 6.7 | AD97: 1 | AE97: 44785 | AF97: 110.33 | AG97: 0 | AH97: 41278 | AI97: 58.32 | AJ97: 0
M98: 41438 | N98: 4.85 | O98: 0 | P98: 41438 | Q98: 5.36 | R98: 0 | S98: 43971 | T98: 45.17 | U98: 0 | V98: 43181 | W98: 3.19 | X98: 0 | Y98: 39184 | Z98: 37.29 | AA98: 0 | AB98: 42702 | AC98: 6.58 | AD98: 0 | AE98: 44791 | AF98: 110.49 | AG98: 0 | AH98: 41368 | AI98: 58.57 | AJ98: 0
M99: 41472 | N99: 4.7 | O99: 0 | P99: 41472 | Q99: 5.18 | R99: 0 | S99: 44087 | T99: 46.2 | U99: 1 | V99: 43295 | W99: 3.22 | X99: 1 | Y99: 39213 | Z99: 37.11 | AA99: 0 | AB99: 42865 | AC99: 5.83 | AD99: 0 | AE99: 44797 | AF99: 110.23 | AG99: 0 | AH99: 41401 | AI99: 58.55 | AJ99: 0
M100: 41506 | N100: 4.56 | O100: 0 | P100: 41506 | Q100: 5.11 | R100: 0 | S100: 44308 | T100: 47 | U100: 0 | V100: 43445 | W100: 3.17 | X100: 1 | Y100: 39253 | Z100: 37.18 | AA100: 0 | AB100: 42887 | AC100: 6.9 | AD100: 0 | AE100: 44802 | AF100: 110.5 | AG100: 0 | AH100: 41432 | AI100: 59.36 | AJ100: 0
M101: 41617 | N101: 4.49 | O101: 0 | P101: 41617 | Q101: 4.73 | R101: 0 | S101: 44522 | T101: 47.5 | U101: 0 | V101: 43559 | W101: 3.23 | X101: 0 | Y101: 39346 | Z101: 37.34 | AA101: 0 | AB101: 43011 | AC101: 5.18 | AD101: 0 | AE101: 44844 | AF101: 110.78 | AG101: 0 | AH101: 41471 | AI101: 58.24 | AJ101: 0
... M109: 42387 | N109: 5.78 | O109: 0 | P109: 42387 | Q109: 5.61 | R109: 0 | S109: 45971 | T109: 51.95 | U109: 0 | V109: 45078 | W109: 3.88 | X109: 1 | Y109: 39714 | Z109: 41.12 | AA109: 0 | AB109: 45078 | AC109: 8.98 | AD109: 1 | AE109: 45948 | AF109: 115.37 | AG109: 0 | AH109: 41683 | AI109: 58.82 | AJ109: 0
M110: 42429 | N110: 5.63 | O110: 0 | P110: 42429 | Q110: 5.67 | R110: 0 | S110: Total | T110: =COUNT(T3:T109) -> 107 | U110: =SUM(U3:U109) -> 9 | V110: 45268 | W110: 3.65 | X110: 0 | Y110: 39805 | Z110: 42.37 | AA110: 0 | AB110: 45177 | AC110: 7.9 | AD110: 0 | AE110: Total | AF110: =COUNT(AF3:AF109) -> 107 | AG110: =SUM(AG3:AG109) -> 5 | AH110: 41731 | AI110: 59.12 | AJ110: 0
M111: 42471 | N111: 5.77 | O111: 0 | P111: 42471 | Q111: 6 | R111: 0 | V111: 45595 | W111: 3.9 | X111: 0 | Y111: 39847 | Z111: 41.9 | AA111: 0 | AB111: 45286 | AC111: 7.75 | AD111: 1 | AH111: 41764 | AI111: 59.13 | AJ111: 0
M112: 42611 | N112: 5.63 | O112: 0 | P112: 42611 | Q112: 6.68 | R112: 0 | V112: 45787 | W112: 4.1 | X112: 1 | Y112: 39881 | Z112: 41.71 | AA112: 0 | AB112: 45595 | AC112: 7.51 | AD112: 0 | AH112: 41793 | AI112: 59.2 | AJ112: 0
M113: 42781 | N113: 5.86 | O113: 0 | P113: 42781 | Q113: 6.96 | R113: 0 | V113: 45894 | W113: 4.22 | X113: 1 | Y113: 39939 | Z113: 42.1 | AA113: 0 | AB113: 45633 | AC113: 7.78 | AD113: 0 | AH113: 41830 | AI113: 59.14 | AJ113: 0
M114: 42888 | N114: 5.92 | O114: 0 | P114: 42888 | Q114: 5.33 | R114: 0 | V114: 45971 | W114: 4.56 | X114: 0 | Y114: 40011 | Z114: 41.49 | AA114: 0 | AB114: 45750 | AC114: 8.27 | AD114: 0 | AH114: 41877 | AI114: 59.46 | AJ114: 0
M115: 43011 | N115: 5.4 | O115: 0 | P115: 43011 | Q115: 4.71 | R115: 0 | V115: Total | W115: =COUNT(W3:W114) -> 112 | X115: =SUM(X3:X114) -> 12 | Y115: 40049 | Z115: 41.36 | AA115: 0 | AB115: 45960 | AC115: 8.85 | AD115: 0 | AH115: 41906 | AI115: 60.86 | AJ115: 0
M116: 43558 | N116: 5.58 | O116: 0 | P116: 43558 | Q116: 5.85 | R116: 0 | Y116: 40049 | Z116: 41.36 | AA116: 0 | AB116: 46011 | AC116: 9.14 | AD116: 0 | AH116: 41976 | AI116: 56.4 | AJ116: 0
M117: 43763 | N117: 6.18 | O117: 0 | P117: 43763 | Q117: 6.4 | R117: 0 | Y117: 40099 | Z117: 43.52 | AA117: 0 | AB117: Total | AC117: =COUNT(AC3:AC116) -> 114 | AD117: =SUM(AD3:AD116) -> 6 | AH117: 42157 | AI117: 59.58 | AJ117: 0
...

Sheet Gradientes x Pozo
AZ1: Cerrado
A2: Sampues - # 52-II-C-PZ-01 | D2: Finca el socorro (Ovejas) - # 44-II-D-PO-02 | G2: Ovejas - # 44-II-D-PO-14 | J2: Los Palmitos - # 44-IV-B-PZ-01 Piñal | M2: Morroa (Bremen) - # 44-IV-C-PZ-01 A | P2: Bremen - # 44-IV-C-PZ-01 B | S2: Las Tinas (Morroa) - # 44-IV-C-PZ-02 A | V2: Las Tinas (Morroa) - # 44-IV-C-PZ-02 B | Y2: Arroyo salida a Betulia (Corozal) - # 44-IV-D-PZ-01 A | AB2: Arroyo salida a Betulia (Corozal) - # 44-IV-D-PZ-01 B | AE2: Sabanas de cali (El Tesoro) - # 44-IV-D-PZ-02 | AH2: Sabanas de cali (El Tesoro) - # 44-IV-D-PZ-04 | AK2: Basurero Viejo, Pileta (Corozal) - # 52-II-B-PZ-01 A | AN2: Corozal - # 44-IV-D-PO-14 | AQ2: Corozal - # 44-IV-D-PZ-20 | AT2: Corozal - # 44-IV-D-PZ-22 | AW2: Cantagallo - # 52-II-A-PZ-01 Corozal | AZ2: Basurero Viejo, Pileta (Corozal) - # 52-II-B-PZ-01 B
A3: 40224 | B3: 34.45 | D3: 40254 | E3: 10.27436 | G3: 28/24/2010 | H3: 8.11 | J3: 40224 | K3: 72.08 | M3: 40190 | N3: 4.59 | P3: 40190 | Q3: 4.59 | S3: 40184 | T3: 37.63 | V3: 40227 | W3: 2.89 | Y3: 40214 | Z3: 43.56 | AB3: 40227 | AC3: 6.94 | AE3: 40190 | AF3: 89.7 | AH3: 40190 | AI3: 59.55 | AK3: 40214 | AL3: 36.1 | AN3: 40214 | AO3: 61.48 | AQ3: 40190 | AR3: 11.7 | AT3: 40190 | AU3: 66.24 | AW3: 40214 | AX3: 34.17 | AZ3: 40011 | BA3: 140.39 | BC3: Pomedio Niveles (m) | BD3: Pérdida Total (m) | BE3: Prom Anual (m)
A4: 45972 | B4: 49.13 | D4: 45941 | E4: 12.55 | G4: 45930 | H4: 7.4821723 | J4: 45971 | K4: 74.454937 | M4: 45971 | N4: 5.65 | P4: 45971 | Q4: 6.34 | S4: 45971 | T4: 51.95 | V4: 45971 | W4: 4.56 | Y4: 45972 | Z4: 59.97 | AB4: 46011 | AC4: 9.14 | AE4: 45948 | AF4: 115.37 | AH4: 45978 | AI4: 70.15 | AK4: 45972 | AL4: 43.72 | AN4: 45941 | AO4: 86.08 | AQ4: 42733 | AR4: 14.96 | AT4: 45916 | AU4: 89.76 | AW4: 45972 | AX4: 45.94 | AZ4: 41683 | BA4: 137.2 | BC4: =B3+E3+H3+K3+N3+Q3+T3+W3+Z3+AC3+AF3+AI3+AL3+AO3+AR3+AU3+AX3 -> 584.05436 | BD4: =BC5-BC4 -> 163.15275 | BE4: =BD4/(17*15) -> 0.63981471
BC5: =B4+E4+H4+K4+N4+Q4+T4+W4+Z4+AC4+AF4+AI4+AL4+AO4+AR4+AU4+AX4 -> 747.20711
A6: Diferencia | B6: =B4-B3 -> 14.68 | D6: Diferencia | E6: =E4-E3 -> 2.27564 | G6: Diferencia | H6: =H4-H3 -> -0.62782771 | J6: Diferencia | K6: =K4-K3 -> 2.3749375 | M6: Diferencia | N6: =N4-N3 -> 1.06 | P6: Diferencia | Q6: =Q4-Q3 -> 1.75 | S6: Diferencia | T6: =T4-T3 -> 14.32 | V6: Diferencia | W6: =W4-W3 -> 1.67 | Y6: Diferencia | Z6: =Z4-Z3 -> 16.41 | AB6: Diferencia | AC6: =AC4-AC3 -> 2.2 | AE6: Diferencia | AF6: =AF4-AF3 -> 25.67 | AH6: Diferencia | AI6: =AI4-AI3 -> 10.6 | AK6: Diferencia | AL6: =AL4-AL3 -> 7.62 | AN6: Diferencia | AO6: =AO4-AO3 -> 24.6 | AQ6: Diferencia | AR6: =AR4-AR3 -> 3.26 | AT6: Diferencia | AU6: =AU4-AU3 -> 23.52 | AW6: Diferencia | AX6: =AX4-AX3 -> 11.77 | AZ6: Diferencia | BA6: =BA3-BA4 -> 3.19
A7: 2010-2015 | B7: ='Niveles Imputados'!B37-'Niveles Imputados'!B3 -> 4.72 | D7: 2010-2015 | E7: ='Niveles Imputados'!E24-'Niveles Imputados'!E3 -> 0.37397333 | G7: 2010-2015 | H7: ='Niveles Imputados'!H19-'Niveles Imputados'!H3 -> 2.88 | J7: 2010-2015 | K7: ='Niveles Imputados'!K47-'Niveles Imputados'!K3 -> 2.41 | M7: 2010-2015 | N7: ='Niveles Imputados'!N108-'Niveles Imputados'!N82 -> 0.77 | P7: 2010-2015 | Q7: ='Niveles Imputados'!Q108-'Niveles Imputados'!Q82 -> 0.79 | S7: 2010-2015 | T7: ='Niveles Imputados'!T89-'Niveles Imputados'!T58 -> 5.215 | V7: 2010-2015 | W7: ='Niveles Imputados'!W89-'Niveles Imputados'!W59 -> 0.37 | Y7: 2010-2015 | Z7: ='Niveles Imputados'!Z168-'Niveles Imputados'!Z119 -> 4.87 | AB7: 2010-2015 | AC7: ='Niveles Imputados'!AC96-'Niveles Imputados'!AC77 -> 0.16 | AE7: 2010-2015 | AF7: ='Niveles Imputados'!AF64-'Niveles Imputados'!AF3 -> 7.4 | AH7: 2010-2015 | AI7: ='Niveles Imputados'!AI121-'Niveles Imputados'!AI3 -> 0.57 | AK7: 2010-2015 | AL7: ='Niveles Imputados'!AL54-'Niveles Imputados'!AL3 -> 2.44 | AN7: 2010-2015 | AO7: ='Niveles Imputados'!AO52-'Niveles Imputados'!AO3 -> 7.95 | AQ7: 2010-2015 | AR7: ='Niveles Imputados'!AR22-'Niveles Imputados'!AR3 -> 1.32 | AT7: 2010-2015 | AU7: ='Niveles Imputados'!AU48-'Niveles Imputados'!AU3 -> 8.16 | AW7: 2010-2015 | AX7: ='Niveles Imputados'!AX49-'Niveles Imputados'!AX3 -> 3.54 | AZ7: 2010-2015 | BA7: 3.19 | BC7: Gradientes Prom. (m)
A8: 2015-2020 | B8: ='Niveles Imputados'!B55-'Niveles Imputados'!B38 -> 4.1275234 | D8: 2015-2020 | E8: ='Niveles Imputados'!E43-'Niveles Imputados'!E25 -> -0.78 | G8: 2015-2020 | H8: ='Niveles Imputados'!H39-'Niveles Imputados'!H20 -> -7.3672218 | J8: 2015-2020 | K8: ='Niveles Imputados'!K63-'Niveles Imputados'!K48 -> 8.3 | M8: 2015-2020 | N8: ='Niveles Imputados'!N119-'Niveles Imputados'!N109 -> -0.26 | P8: 2015-2020 | Q8: ='Niveles Imputados'!Q119-'Niveles Imputados'!Q109 -> -1.04 | S8: 2015-2020 | T8: ='Niveles Imputados'!T99-'Niveles Imputados'!T90 -> 3.3 | V8: 2015-2020 | W8: ='Niveles Imputados'!W104-'Niveles Imputados'!W90 -> -0.14 | Y8: 2015-2020 | Z8: ='Niveles Imputados'!Z187-'Niveles Imputados'!Z169 -> 4.12 | AB8: 2015-2020 | AC8: ='Niveles Imputados'!AC105-'Niveles Imputados'!AC97 -> 0.68 | AE8: 2015-2020 | AF8: ='Niveles Imputados'!AF90-'Niveles Imputados'!AF65 -> 9.71 | AH8: 2015-2020 | AI8: ='Niveles Imputados'!AI142-'Niveles Imputados'!AI122 -> 4.32 | AK8: 2015-2020 | AL8: ='Niveles Imputados'!AL72-'Niveles Imputados'!AL55 -> 2.66 | AN8: 2015-2020 | AO8: ='Niveles Imputados'!AO75-'Niveles Imputados'!AO53 -> 8.31 | AQ8: 2015-2020 | AR8: ='Niveles Imputados'!AR25-'Niveles Imputados'!AR23 -> 1.57 | AT8: 2015-2020 | AU8: ='Niveles Imputados'!AU62-'Niveles Imputados'!AU49 -> 5.64 | AW8: 2015-2020 | AX8: ='Niveles Imputados'!AX65-'Niveles Imputados'!AX50 -> 4.98 | AZ8: 2015-2020 | BA8: ='Niveles Imputados'!BA72-'Niveles Imputados'!BA55 -> 0 | BC8: 2010_2015 | BD8: =B12+E12+H12+K12+N12+Q12+T12+W12+Z12+AC12+AF12+AI12+AL12+AO12+AR12+AU12+AX12 -> 10.787795
A9: 2020-2025 | B9: ='Niveles Imputados'!B73-'Niveles Imputados'!B56 -> 5.0055194 | D9: 2020-2025 | E9: ='Niveles Imputados'!E56-'Niveles Imputados'!E44 -> 2.73 | G9: 2020-2025 | H9: ='Niveles Imputados'!H50-'Niveles Imputados'!H40 -> 1.8864564 | J9: 2020-2025 | K9: ='Niveles Imputados'!K74-'Niveles Imputados'!K64 -> -9.3750625 | M9: 2020-2025 | N9: ='Niveles Imputados'!N129-'Niveles Imputados'!N120 -> 0.18 | P9: 2020-2025 | Q9: ='Niveles Imputados'!Q129-'Niveles Imputados'!Q120 -> 1.9 | S9: 2020-2025 | T9: ='Niveles Imputados'!T109-'Niveles Imputados'!T100 -> 4.95 | V9: 2020-2025 | W9: ='Niveles Imputados'!W114-'Niveles Imputados'!W105 -> 1.22 | Y9: 2020-2025 | Z9: ='Niveles Imputados'!Z202-'Niveles Imputados'!Z188 -> 7.1 | AB9: 2020-2025 | AC9: ='Niveles Imputados'!AC116-'Niveles Imputados'!AC106 -> 2.25 | AE9: 2020-2025 | AF9: ='Niveles Imputados'!AF109-'Niveles Imputados'!AF91 -> 8.05 | AH9: 2020-2025 | AI9: ='Niveles Imputados'!AI156-'Niveles Imputados'!AI143 -> 5.35 | AK9: 2020-2025 | AL9: ='Niveles Imputados'!AL86-'Niveles Imputados'!AL73 -> 1.85 | AN9: 2020-2025 | AO9: ='Niveles Imputados'!AO87-'Niveles Imputados'!AO76 -> 6.93 | AQ9: 2020-2025 | AR9: ='Niveles Imputados'!AR87-'Niveles Imputados'!AR76 -> 0 | AT9: 2020-2025 | AU9: ='Niveles Imputados'!AU73-'Niveles Imputados'!AU63 -> 8.2 | AW9: 2020-2025 | AX9: ='Niveles Imputados'!AX77-'Niveles Imputados'!AX66 -> 2.73 | AZ9: 2020-2025 | BA9: ='Niveles Imputados'!BA86-'Niveles Imputados'!BA73 -> 0 | BC9: 2015_2020 | BD9: =B13+E13+H13+K13+N13+Q13+T13+W13+Z13+AC13+AF13+AI13+AL13+AO13+AR13+AU13+AX13 -> 9.6260603
BC10: 2020_2025 | BD10: =B14+E14+H14+K14+N14+Q14+T14+W14+Z14+AC14+AF14+AI14+AL14+AO14+AR14+AU14+AX14 -> 10.191383
A11: Gradientes | D11: Gradientes | G11: Gradientes | J11: Gradientes | M11: Gradientes | P11: Gradientes | S11: Gradientes | V11: Gradientes | Y11: Gradientes | AB11: Gradientes | AE11: Gradientes | AH11: Gradientes | AK11: Gradientes | AN11: Gradientes | AQ11: Gradientes | AT11: Gradientes | AW11: Gradientes | AZ11: Gradientes
A12: 2010_2015 | B12: =B7/5 -> 0.944 | D12: 2010_2015 | E12: =E7/5 -> 0.074794667 | G12: 2010_2015 | H12: =H7/5 -> 0.576 | J12: 2010_2015 | K12: =K7/5 -> 0.482 | M12: 2010_2015 | N12: =N7/5 -> 0.154 | P12: 2010_2015 | Q12: =Q7/5 -> 0.158 | S12: 2010_2015 | T12: =T7/5 -> 1.043 | V12: 2010_2015 | W12: =W7/5 -> 0.074 | Y12: 2010_2015 | Z12: =Z7/5 -> 0.974 | AB12: 2010_2015 | AC12: =AC7/5 -> 0.032 | AE12: 2010_2015 | AF12: =AF7/5 -> 1.48 | AH12: 2010_2015 | AI12: =AI7/5 -> 0.114 | AK12: 2010_2015 | AL12: =AL7/5 -> 0.488 | AN12: 2010_2015 | AO12: =AO7/5 -> 1.59 | AQ12: 2010_2015 | AR12: =AR7/5 -> 0.264 | AT12: 2010_2015 | AU12: =AU7/5 -> 1.632 | AW12: 2010_2015 | AX12: =AX7/5 -> 0.708 | AZ12: 2010_2015 | BA12: =BA6/5 -> 0.638
A13: 2015_2020 | B13: =B8/5 -> 0.82550468 | D13: 2015_2020 | E13: =E8/5 -> -0.156 | G13: 2015_2020 | H13: =H8/5 -> -1.4734444 | J13: 2015_2020 | K13: =K8/5 -> 1.66 | M13: 2015_2020 | N13: =N8/5 -> -0.052 | P13: 2015_2020 | Q13: =Q8/5 -> -0.208 | S13: 2015_2020 | T13: =T8/5 -> 0.66 | V13: 2015_2020 | W13: =W8/5 -> -0.028 | Y13: 2015_2020 | Z13: =Z8/5 -> 0.824 | AB13: 2015_2020 | AC13: =AC8/5 -> 0.136 | AE13: 2015_2020 | AF13: =AF8/5 -> 1.942 | AH13: 2015_2020 | AI13: =AI8/5 -> 0.864 | AK13: 2015_2020 | AL13: =AL8/5 -> 0.532 | AN13: 2015_2020 | AO13: =AO8/5 -> 1.662 | AQ13: 2015_2020 | AR13: =AR8/5 -> 0.314 | AT13: 2015_2020 | AU13: =AU8/5 -> 1.128 | AW13: 2015_2020 | AX13: =AX8/5 -> 0.996 | AZ13: 2015_2020 | BA13: =BA8/5 -> 0
A14: 2020_2025 | B14: =B9/5 -> 1.0011039 | D14: 2020_2025 | E14: =E9/5 -> 0.546 | G14: 2020_2025 | H14: =H9/5 -> 0.37729128 | J14: 2020_2025 | K14: =K9/5 -> -1.8750125 | M14: 2020_2025 | N14: =N9/5 -> 0.036 | P14: 2020_2025 | Q14: =Q9/5 -> 0.38 | S14: 2020_2025 | T14: =T9/5 -> 0.99 | V14: 2020_2025 | W14: =W9/5 -> 0.244 | Y14: 2020_2025 | Z14: =Z9/5 -> 1.42 | AB14: 2020_2025 | AC14: =AC9/5 -> 0.45 | AE14: 2020_2025 | AF14: =AF9/5 -> 1.61 | AH14: 2020_2025 | AI14: =AI9/5 -> 1.07 | AK14: 2020_2025 | AL14: =AL9/5 -> 0.37 | AN14: 2020_2025 | AO14: =AO9/5 -> 1.386 | AQ14: 2020_2025 | AR14: =AR9/5 -> 0 | AT14: 2020_2025 | AU14: =AU9/5 -> 1.64 | AW14: 2020_2025 | AX14: =AX9/5 -> 0.546 | AZ14: 2020_2025 | BA14: =BA9/5 -> 0
D16: Análisis por Zonas

Sheet Hoja1
A1: Fecha Medida | B1: Nivel Estático (m)
A2: 40190 | B2: 89.7
A3: 40242 | B3: 91.01
A4: 40244 | B4: 91.02
A5: 40245 | B5: 91.02
A6: 40253 | B6: 91.06
A7: 40269 | B7: 91.14
A8: 40278 | B8: 91.19
A9: 40283 | B9: 91.22
A10: 40284 | B10: 91.2
A11: 40501 | B11: 92.19
A12: 40502 | B12: 92.2
A13: 40503 | B13: 92.2
... A87: 43963 | B87: 106.46
A88: 31/06/2020 | B88: 106.77
A89: 44160 | B89: 107.11
A90: 44489 | B90: 107.32
A91: 44525 | B91: 109.36
A92: 44526 | B92: 109.36
A93: 44609 | B93: 108.6
A94: 44768 | B94: 110.17
A95: 44778 | B95: 110.41
A96: 44785 | B96: 110.33
A97: 44791 | B97: 110.49
A98: 44797 | B98: 110.23
A99: 44802 | B99: 110.5
A100: 44844 | B100: 110.78
... A108: 45948 | B108: 115.37

Sheet Consolidado Pozos
B1: Sampues - # 52-II-C-PZ-01 | C1: Finca el socorro (Ovejas) - # 44-II-D-PO-02 | D1: Ovejas - # 44-II-D-PO-14 | E1: Los Palmitos - # 44-IV-B-PZ-01 Piñal | F1: Morroa (Bremen) - # 44-IV-C-PZ-01 A | G1: Bremen - # 44-IV-C-PZ-01 B | H1: Las Tinas (Morroa) - # 44-IV-C-PZ-02 A | I1: Las Tinas (Morroa) - # 44-IV-C-PZ-02 B | J1: Arroyo salida a Betulia (Corozal) - # 44-IV-D-PZ-01 A | K1: Arroyo salida a Betulia (Corozal) - # 44-IV-D-PZ-01 B | L1: Sabanas de cali (El Tesoro) - # 44-IV-D-PZ-02 | M1: Finca el tesoro - # 44-IV-D-PZ-04 | N1: Basurero Viejo, Pileta (Corozal) - # 52-II-B-PZ-01 A | O1: Corozal - # 44-IV-D-PO-14 | P1: Corozal - # 44-IV-D-PZ-20 | Q1: Corozal - # 44-IV-D-PZ-22 | R1: Cantagallo - # 52-II-A-PZ-01 Corozal
A2: Fecha Medida | B2: Nivel Estático (m) | C2: Nivel Estático (m) | D2: Nivel Estático (m) | E2: Nivel Estático (m) | F2: Nivel Estático (m) | G2: Nivel Estático (m) | H2: Nivel Estático (m) | I2: Nivel Estático (m) | J2: Nivel Estático (m) | K2: Nivel Estático (m) | L2: Nivel Estático (m) | M2: Nivel Estático (m) | N2: Nivel Estático (m) | O2: Nivel Estático (m) | P2: Nivel Estático (m) | Q2: Nivel Estático (m) | R2: Nivel Estático (m)
A3: 40330 | B3: 34.07 | C3: 10.55 | D3: 3.04 | E3: 71.78 | F3: 5.71 | G3: 5.61 | H3: 37.63 | I3: 2.7 | J3: 43.63 | K3: 7.55 | L3: 91.2 | M3: 59.72 | N3: 36.45 | O3: 62.6 | P3: 13 | Q3: 66.87 | R3: 33.75
A4: 40513 | B4: 34.55 | C4: 10.52 | D4: 4.45 | E4: 71.9 | F4: 5.18 | G4: 4.66 | H4: 38.13 | I4: 2.72 | J4: 44.21 | K4: 7.6 | L4: 92.39 | M4: 58.85 | N4: 35.44 | O4: 62.92 | P4: 11.6 | Q4: 67.24 | R4: 33.9
A5: 40695 | B5: 34.54 | C5: 10.43 | D5: 5.86 | E5: 71.59 | F5: 4.77 | G5: 4.85 | H5: 38.521 | I5: 2.75 | J5: 44.49 | K5: 7.65 | L5: 92.43 | M5: 57.99 | N5: 34.49 | O5: 62.9 | P5: 10.43 | Q5: 67.94 | R5: 34.39
A6: 40878 | B6: 34.05 | C6: 10.39 | D6: 7.26 | E6: 71.7 | F6: 4.6 | G6: 4.76 | H6: 39.52 | I6: 2.775 | J6: 43.95 | K6: 6.94 | L6: 91.3 | M6: 52.6 | N6: 34.29 | O6: 63.8 | P6: 10.55 | Q6: 67.4 | R6: 34.54
A7: 41061 | B7: 34.8 | C7: 10.42 | D7: 8.66 | E7: 71.65 | F7: 4.65 | G7: 4.7 | H7: 39.04 | I7: 2.8 | J7: 43.95 | K7: 6.85 | L7: 91.15 | M7: 58.05 | N7: 35.35 | O7: 63.24 | P7: 11 | Q7: 68 | R7: 34.64
A8: 41244 | B8: 34.72 | C8: 10.34 | D8: 10.07 | E8: 71.6 | F8: 4.35 | G8: 4.94 | H8: 40.44 | I8: 3.16 | J8: 45.76 | K8: 6.94 | L8: 91.52 | M8: 58.32 | N8: 36.125 | O8: 65 | P8: 10.94 | Q8: 69.1 | R8: 34.74
A9: 41426 | B9: 35.5 | C9: 10.16 | D9: 11.48 | E9: 71.75 | F9: 4.85 | G9: 5.36 | H9: 40.78 | I9: 3 | J9: 46.37 | K9: 7.03 | L9: 92.42 | M9: 59.36 | N9: 36.97 | O9: 65.7 | P9: 11.56 | Q9: 69.79 | R9: 35.24
A10: 41609 | B10: 35.85 | C10: 9.46 | D10: 10.13 | E10: 72.14 | F10: 4.91 | G10: 4.73 | H10: 41.04 | I10: 2.62 | J10: 46.98 | K10: 7.18 | L10: 93.35 | M10: 58.1 | N10: 37.15 | O10: 66.52 | P10: 11.37 | Q10: 70.79 | R10: 35.72
A11: 41791 | B11: 36.98 | C11: 9.45 | D11: 9.57 | E11: 72.6 | F11: 5.05 | G11: 5.48 | H11: 41.56 | I11: 2.94 | J11: 47.32 | K11: 7.33 | L11: 94.15 | M11: 59.2 | N11: 37.91 | O11: 67.32 | P11: 11.32 | Q11: 71.52 | R11: 36.27
A12: 41974 | B12: 36.98 | C12: 9.71 | D12: 9.87 | E12: 73.35 | F12: 5.47 | G12: 5.61 | H12: 42.1 | I12: 3 | J12: 47.66 | K12: 7.51 | L12: 95.01 | M12: 56.4 | N12: 37.65 | O12: 67.99 | P12: 11.22 | Q12: 72.55 | R12: 36.97
A13: 42156 | B13: 38.76 | C13: 10.55 | D13: 12.9 | E13: 73.79 | F13: 5.89 | G13: 5.73 | H13: 42.51 | I13: 3.3 | J13: 47.86 | K13: 7.63 | L13: 96 | M13: 59.58 | N13: 38 | O13: 68.64 | P13: 12.02 | Q13: 73.5 | R13: 37.22
A14: 42339 | B14: 39.69 | C14: 11.026 | D14: 12.32 | E14: 74.49 | F14: 5.36 | G14: 5.61 | H14: 42.9 | I14: 3.26 | J14: 48.63 | K14: 7.28 | L14: 97.4 | M14: 60.38 | N14: 38.54 | O14: 70.59 | P14: 12.59 | Q14: 74.4 | R14: 37.97
... A32: 45627 | B32: 48.844 | C32: 9.09 | D32: 7.57 | E32: 86.91 | F32: 5.1 | G32: 5.94 | H32: 46.7 | I32: 3.183 | J32: 58.32 | K32: 7.51 | L32: 112.44 | M32: 67.61 | N32: 42.87 | O32: 84.4 | P32: 14.79 | Q32: 87.29 | R32: 45
A33: 45809 | B33: =(B34+B32)/2 -> 48.987 | C33: =(C34+C32)/2 -> 9.105 | D33: =(D34+D32)/2 -> 7.685 | E33: =(E34+E32)/2 -> 87.485 | F33: =(F34+F32)/2 -> 4.955 | G33: =(G34+G32)/2 -> 5.915 | H33: =(H34+H32)/2 -> 46.87 | I33: =(I34+I32)/2 -> 3.1905 | ... K33: =(K34+K32)/2 -> 7.59 | L33: 114.39 | M33: 68.86 | N33: 43.6 | O33: 84.49 | P33: 15.03 | Q33: 87.33 | R33: 45.2
A34: 45992 | B34: 49.13 | C34: 9.12 | D34: 7.8 | E34: 88.06 | F34: 4.81 | G34: 5.89 | H34: 47.04 | I34: 3.198 | J34: 59.02 | K34: 7.67 | L34: 115.1 | M34: 68.69 | N34: 43.72 | O34: 85.25 | P34: 15.34 | Q34: 88.59 | R34: 45.94

Sheet Sampues - # 52-II-C-PZ-01
A1: Sampues - # 52-II-C-PZ-01 | E1: Sampues - # 52-II-C-PZ-01
A2: Fecha Medida | B2: Nivel Estático (m) | C2: Nivel Piezometrico | E2: Fecha Medida | F2: Nivel Estático (m) | G2: Nivel Piezometrico
A3: 40224 | B3: 34.45 | C3: 140.55 | E3: 40330 | F3: 34.07 | G3: 140.93 | H3: =F3+G3 -> 175
A4: 40235 | B4: 34.98 | C4: 140.02 | E4: 40513 | F4: 34.55 | G4: 140.45 | H4: =F4+G4 -> 175
A5: 40287 | B5: 33.85 | C5: 141.15 | E5: 40695 | F5: 34.54 | G5: 140.46 | H5: =F5+G5 -> 175
A6: 40305 | B6: 34.87 | C6: 140.13 | E6: 40878 | F6: 34.05 | G6: 140.95 | H6: =F6+G6 -> 175
A7: 40331 | B7: 34.07 | C7: 140.93 | E7: 41061 | F7: 34.8 | G7: 140.2 | H7: =F7+G7 -> 175
A8: 40417 | B8: 34.55 | C8: 140.45 | E8: 41244 | F8: 34.72 | G8: 140.28 | H8: =F8+G8 -> 175
A9: 40575 | B9: 34.65 | C9: 140.35 | E9: 41426 | F9: 35.5 | G9: 139.5 | H9: =F9+G9 -> 175
A10: 40679 | B10: 34.57 | C10: 140.43 | E10: 41609 | F10: 35.85 | G10: 139.15 | H10: =F10+G10 -> 175
A11: 40745 | B11: 34.54 | C11: 140.46 | E11: 41791 | F11: 36.98 | G11: 138.02 | H11: =F11+G11 -> 175
A12: 40777 | B12: 34.39 | C12: 140.61 | E12: 41974 | F12: 36.98 | G12: 138.02 | H12: =F12+G12 -> 175
A13: 40800 | B13: 34.1 | C13: 140.9 | E13: 42156 | F13: 38.76 | G13: 136.24 | H13: =F13+G13 -> 175
A14: 40814 | B14: 34.19 | C14: 140.81 | E14: 42339 | F14: 39.69 | G14: 135.31 | H14: =F14+G14 -> 175
... A28: 41617 | B28: 35.85 | C28: 139.15 | E28: 44896 | F28: 47.7 | G28: 127.3 | H28: =F28+G28 -> 175
A29: 41647 | B29: 36.54 | C29: 138.46 | E29: 45078 | F29: 47.989 | G29: =175-F29 -> 127.011 | H29: =F29+G29 -> 175
A30: 41683 | B30: 36.72 | C30: 138.28 | E30: 45261 | F30: 48.27 | G30: =175-F30 -> 126.73 | H30: =F30+G30 -> 175
A31: 41764 | B31: 36.95 | C31: 138.05 | E31: 45444 | F31: 48.558 | G31: =175-F31 -> 126.442 | H31: =F31+G31 -> 175
A32: 41793 | B32: 36.98 | C32: 138.02 | E32: 45627 | F32: 48.844 | G32: =175-F32 -> 126.156 | H32: =F32+G32 -> 175
A33: 41830 | B33: 37.03 | C33: 137.97 | E33: 45992 | F33: 49.13 | G33: =175-F33 -> 125.87 | H33: =F33+G33 -> 175
A34: 41976 | B34: 36.98 | C34: 138.02
A35: 42110 | B35: 38.76 | C35: 136.24
A36: 42009 | B36: 38.19 | C36: 136.81
A37: 42221 | B37: 39.17 | C37: 135.83
A38: 42353 | B38: 39.69 | C38: 135.31
A39: 42387 | B39: 39.93 | C39: 135.07
A40: 42429 | B40: 40.42 | C40: 134.58
A41: 42471 | B41: 40.65 | C41: 134.35
A42: 42591 | B42: 40.57 | C42: 134.43
A43: 42702 | B43: 41.1 | C43: 133.9
A44: 42774 | B44: 41.59 | C44: 133.41
A45: 42865 | B45: 41.79 | C45: 133.21
... A49: 44600 | B49: 47.17 | C49: 127.83

Sheet Finca el socorro (Ovejas) - # 4
A1: Finca el socorro (Ovejas) - # 44-II-D-PO-02 | E1: Finca el socorro (Ovejas) - # 44-II-D-PO-02
A2: Fecha Medida | B2: Nivel Estático (m) | C2: Nivel Piezometrico | E2: Fecha Medida | F2: Nivel Estático (m) | G2: Nivel Piezometrico
A3: 41401 | B3: 10.16 | C3: 187.84 | E3: 40330 | F3: 10.55 | G3: =198-F3 -> 187.45 | H3: 198
A4: 41506 | B4: 10.34 | C4: 187.66 | E4: 40513 | F4: 10.52 | G4: =198-F4 -> 187.48
A5: 41556 | B5: 9.42 | C5: 188.58 | E5: 40695 | F5: 10.43 | G5: =198-F5 -> 187.57
A6: 41617 | B6: 9.55 | C6: 188.45 | E6: 40878 | F6: 10.39 | G6: =198-F6 -> 187.61
A7: 41647 | B7: 9.46 | C7: 188.54 | E7: 41061 | F7: 10.42 | G7: =198-F7 -> 187.58
A8: 41683 | B8: 9.89 | C8: 188.11 | E8: 41244 | F8: 10.34 | G8: =198-F8 -> 187.66
A9: 41764 | B9: 9.83 | C9: 188.17 | E9: 41426 | F9: 10.16 | G9: =198-F9 -> 187.84 | H9: =F9+G9 -> 198 | J9: =F9-F10 -> 0.7
A10: 41793 | B10: 9.45 | C10: 188.55 | E10: 41609 | F10: 9.46 | G10: =198-F10 -> 188.54 | H10: =F10+G10 -> 198
A11: 41830 | B11: 9.52 | C11: 188.48 | E11: 41791 | F11: 9.45 | G11: =198-F11 -> 188.55 | H11: =F11+G11 -> 198
A12: 41877 | B12: 10.35 | C12: 187.65 | E12: 41974 | F12: 9.71 | G12: =198-F12 -> 188.29 | H12: =F12+G12 -> 198
A13: 41906 | B13: 10.75 | C13: 187.25 | E13: 42156 | F13: 10.55 | G13: =198-F13 -> 187.45 | H13: =F13+G13 -> 198
A14: 41936 | B14: 10.42 | C14: 187.58 | E14: 42339 | F14: 11.026 | G14: =198-F14 -> 186.974 | H14: =F14+G14 -> 198
A15: 41976 | B15: 9.71 | C15: 188.29 | E15: 42522 | F15: 9.76 | G15: =198-F15 -> 188.24 | H15: =F15+G15 -> 198
A16: 42009 | B16: =AVERAGE(B13:B15,B17:B19) -> 10.648333 | C16: 198 | E16: 42705 | F16: 9.735 | G16: =198-F16 -> 188.265 | H16: =F16+G16 -> 198
A17: 42157 | B17: 10.55 | C17: 187.45 | E17: 42887 | F17: 9.723 | G17: =198-F17 -> 188.277 | H17: =F17+G17 -> 198
A18: 42220 | B18: 11.2 | C18: 186.8 | E18: 43070 | F18: 9.73 | G18: =198-F18 -> 188.27 | H18: =F18+G18 -> 198
A19: 42255 | B19: 11.26 | C19: 186.74 | E19: 43252 | F19: 9.737 | G19: =198-F19 -> 188.263 | H19: =F19+G19 -> 198
A20: 42292 | B20: 11.25 | C20: 186.75 | E20: 43435 | F20: 9.74 | G20: =198-F20 -> 188.26 | H20: =F20+G20 -> 198
A21: 42353 | B21: =AVERAGE(B18:B20,B23:B24) -> 11.026 | C21: 198 | E21: 43617 | F21: 9.75 | G21: =198-F21 -> 188.25 | H21: =F21+G21 -> 198
A22: 42429 | B22: =AVERAGE(B20,B234) -> 11.25 | C22: 198 | E22: 43800 | F22: 9.758 | G22: =198-F22 -> 188.242 | H22: =F22+G22 -> 198
A23: 42471 | B23: 11.66 | C23: 186.34 | E23: 43983 | F23: 9.535 | G23: =198-F23 -> 188.465 | H23: =F23+G23 -> 198
A24: 42557 | B24: 9.76 | C24: 188.24 | E24: 44166 | F24: 9.486 | G24: =198-F24 -> 188.514 | H24: =F24+G24 -> 198
A25: 42591 | B25: 9.71 | C25: 188.29 | E25: 44348 | F25: 9.436 | G25: =198-F25 -> 188.564 | H25: =F25+G25 -> 198
A26: 42768 | B26: =AVERAGE(B24:B25) -> 9.735 | C26: 198 | E26: 44531 | F26: 9.387 | G26: =198-F26 -> 188.613 | H26: =F26+G26 -> 198
A27: 42888 | B27: =AVERAGE(B25:B26) -> 9.7225 | C27: 198 | E27: 44713 | F27: 9.33 | G27: =198-F27 -> 188.67 | H27: =F27+G27 -> 198
A28: 43559 | B28: =AVERAGE(B26:B27) -> 9.72875 | C28: 198 | E28: 44896 | F28: 9.288 | G28: =198-F28 -> 188.712 | H28: =F28+G28 -> 198
A29: 43590 | B29: =AVERAGE(B27:B28) -> 9.725625 | C29: 198 | E29: 45078 | F29: 9.239 | G29: =198-F29 -> 188.761 | H29: =F29+G29 -> 198
A30: 43559 | B30: 9.82 | C30: 188.18 | E30: 45261 | F30: 9.18 | G30: =198-F30 -> 188.82 | H30: =F30+G30 -> 198
A31: 43588 | B31: =AVERAGE(B28:B30) -> 9.758125 | C31: 198 | E31: 45444 | F31: 9.13 | G31: =198-F31 -> 188.87 | H31: =F31+G31 -> 198
E32: 45627 | F32: 9.09 | G32: =198-F32 -> 188.91 | H32: =F32+G32 -> 198
E33: 45992 | F33: 9.12 | G33: =198-F33 -> 188.88 | H33: =F33+G33 -> 198

Sheet Ovejas - # 44-II-D-PO-14
A1: Ovejas - # 44-II-D-PO-14 | E1: Ovejas - # 44-II-D-PO-14
A2: Fecha Medida | B2: Nivel Estático (m) | C2: Nivel Piezometrico | E2: Fecha Medida | F2: Nivel Estático (m) | G2: Nivel Piezometrico
A3: 41032 | B3: 8.67 | C3: 192.33 | E3: 40330 | F3: 3.04 | G3: =201-F3 -> 197.96 | H3: 198
A4: 41506 | B4: 11.48 | C4: 189.52 | E4: 40513 | F4: 4.45 | G4: =201-F4 -> 196.55
A5: 41556 | B5: 12.83 | C5: 188.17 | E5: 40695 | F5: 5.86 | G5: =201-F5 -> 195.14
A6: 41617 | B6: 10.13 | C6: 190.87 | E6: 40878 | F6: 7.26 | G6: =201-F6 -> 193.74
A7: 41683 | B7: 11.6 | C7: 189.4 | E7: 41061 | F7: 8.66 | G7: 192.33 | H7: =F7+G7 -> 200.99
A8: 41764 | B8: 10.38 | C8: 190.62 | E8: 41244 | F8: 10.07 | G8: =201-F8 -> 190.93
A9: 41793 | B9: 9.57 | C9: 191.43 | E9: 41426 | F9: 11.48 | G9: 189.52 | H9: =F9+G9 -> 201
A10: 41830 | B10: 11.32 | C10: 189.68 | E10: 41609 | F10: 10.13 | G10: 190.87 | H10: =F10+G10 -> 201
A11: 41877 | B11: 13.21 | C11: 187.79 | E11: 41791 | F11: 9.57 | G11: 191.43 | H11: =F11+G11 -> 201
A12: 41906 | B12: 13.45 | C12: 187.55 | E12: 41974 | F12: 9.87 | G12: 191.13 | H12: =F12+G12 -> 201
A13: 41976 | B13: 9.87 | C13: 191.13 | E13: 42156 | F13: 12.9 | G13: 188.1 | H13: =F13+G13 -> 201
A14: 42009 | B14: 10.99 | C14: 190.01 | E14: 42339 | F14: 12.32 | G14: 188.68 | H14: =F14+G14 -> 201
A15: 42157 | B15: 12.9 | C15: 188.1 | E15: 42522 | F15: 11.27 | G15: 189.73 | H15: =F15+G15 -> 201
A16: 42220 | B16: 13.37 | C16: 187.63 | E16: 42705 | F16: 9.46 | G16: 191.54 | H16: =F16+G16 -> 201
A17: 42255 | B17: 12.95 | C17: 188.05 | E17: 42887 | F17: 8.87 | G17: 192.13 | H17: =F17+G17 -> 201
A18: 42292 | B18: 11.98 | C18: 189.02 | E18: 43070 | F18: 7.11 | G18: 193.89 | H18: =F18+G18 -> 201
A19: 42353 | B19: 12.32 | C19: 188.68 | E19: 43252 | F19: 6.49 | G19: 194.51 | H19: =F19+G19 -> 201
A20: 42387 | B20: 13.47 | C20: 187.53 | E20: 43435 | F20: 5.46 | G20: 195.54 | H20: =F20+G20 -> 201
A21: 42429 | B21: 13.02 | C21: 187.98 | E21: 43617 | F21: 5.63 | G21: 195.37 | H21: =F21+G21 -> 201
A22: 42471 | B22: 12.32 | C22: 188.68 | E22: 43800 | F22: 5.8 | G22: =201-F22 -> 195.2 | H22: =F22+G22 -> 201
A23: 42557 | B23: 11.27 | C23: 189.73 | E23: 43983 | F23: 5.97 | G23: =201-F23 -> 195.03 | H23: =F23+G23 -> 201
A24: 42591 | B24: 10.1 | C24: 190.9 | E24: 44166 | F24: 6.14 | G24: =201-F24 -> 194.86 | H24: =F24+G24 -> 201
A25: 42858 | B25: 9.46 | C25: 191.54 | E25: 44348 | F25: 6.31 | G25: =201-F25 -> 194.69 | H25: =F25+G25 -> 201
A26: 42888 | B26: 8.87 | C26: 192.13 | E26: 44531 | F26: 6.48 | G26: =201-F26 -> 194.52 | H26: =F26+G26 -> 201
A27: 43122 | B27: 7.11 | C27: 193.89 | E27: 44713 | F27: 6.65 | G27: =201-F27 -> 194.35 | H27: =F27+G27 -> 201
A28: 43263 | B28: 6.49 | C28: 194.51 | E28: 44896 | F28: 6.82 | G28: =201-F28 -> 194.18 | H28: =F28+G28 -> 201
A29: 43297 | B29: 6.07 | C29: 194.93 | E29: 45078 | F29: 7.02 | G29: =201-F29 -> 193.98 | H29: =F29+G29 -> 201
A30: 43559 | B30: 5.46 | C30: 195.54 | E30: 45261 | F30: 7.12 | G30: =201-F30 -> 193.88 | H30: =F30+G30 -> 201
A31: 43588 | B31: 5.63 | C31: 195.37 | E31: 45444 | F31: 7.33 | G31: =201-F31 -> 193.67 | H31: =F31+G31 -> 201
E32: 45627 | F32: 7.57 | G32: =201-F32 -> 193.43 | H32: =F32+G32 -> 201
E33: 45992 | F33: 7.8 | G33: =201-F33 -> 193.2 | H33: =F33+G33 -> 201

Sheet Los Palmitos - # 44-IV-B-PZ-01 
A1: Los Palmitos - # 44-IV-B-PZ-01 Piñal | E1: Los Palmitos - # 44-IV-B-PZ-01 Piñal
A2: Fecha Medida | B2: Nivel Estático (m) | C2: Nivel Piezometrico | E2: Fecha Medida | F2: Nivel Estático (m) | G2: Nivel Piezometrico
A3: 40224 | B3: 72.08 | C3: 180.92 | E3: 40330 | F3: 71.78 | G3: 181.22 | H3: =F3+G3 -> 253
A4: 40235 | B4: 72.5 | C4: 180.5 | E4: 40513 | F4: 71.9 | G4: 181.1 | H4: =F4+G4 -> 253
A5: 40242 | B5: 72.5 | C5: 180.5 | E5: 40695 | F5: 71.59 | G5: 181.41 | H5: =F5+G5 -> 253
A6: 40287 | B6: 71.98 | C6: 181.02 | E6: 40878 | F6: 71.7 | G6: 181.3 | H6: =F6+G6 -> 253
A7: 40331 | B7: 71.78 | C7: 181.22 | E7: 41061 | F7: 71.65 | G7: 181.35 | H7: =F7+G7 -> 253
A8: 40312 | B8: 71.76 | C8: 181.24 | E8: 41244 | F8: 71.6 | G8: 181.4 | H8: =F8+G8 -> 253
A9: 40393 | B9: 71.9 | C9: 181.1 | E9: 41426 | F9: 71.75 | G9: 181.25 | H9: =F9+G9 -> 253
A10: 40417 | B10: 71.9 | C10: 181.1 | E10: 41609 | F10: 72.14 | G10: 180.86 | H10: =F10+G10 -> 253
A11: 40575 | B11: 71.52 | C11: 181.48 | E11: 41791 | F11: 72.6 | G11: 180.4 | H11: =F11+G11 -> 253
A12: 40745 | B12: 71.59 | C12: 181.41 | E12: 41974 | F12: 73.35 | G12: 179.65 | H12: =F12+G12 -> 253
A13: 40777 | B13: 71.7 | C13: 181.3 | E13: 42156 | F13: 73.79 | G13: 179.21 | H13: =F13+G13 -> 253
A14: 40814 | B14: 71.64 | C14: 181.36 | E14: 42339 | F14: 74.49 | G14: 178.51 | H14: =F14+G14 -> 253
... A18: 40934 | B18: 71.75 | C18: 181.25 | E18: 43070 | F18: 77.11 | G18: 175.89 | H18: =F18+G18 -> 253
A19: 40967 | B19: 71.7 | C19: 181.3 | E19: 43252 | F19: 78.06 | G19: =253-F19 -> 174.94 | H19: =F19+G19 -> 253
A20: 41031 | B20: 71.65 | C20: 181.35 | E20: 43435 | F20: 79.03 | G20: =253-F20 -> 173.97 | H20: =F20+G20 -> 253
A21: 41072 | B21: 71.65 | C21: 181.35 | E21: 43617 | F21: 79.98 | G21: 173.02 | H21: =F21+G21 -> 253
A22: 41098 | B22: 71.64 | C22: 181.36 | E22: 43800 | F22: 81.53 | G22: 171.47 | H22: =F22+G22 -> 253
A23: 41235 | B23: 71.6 | C23: 181.4 | E23: 43983 | F23: 81.99 | G23: =253-F23 -> 171.01 | H23: =F23+G23 -> 253
A24: 41278 | B24: 71.67 | C24: 181.33 | E24: 44166 | F24: 82.45 | G24: =253-F24 -> 170.55 | H24: =F24+G24 -> 253
A25: 41368 | B25: 71.88 | C25: 181.12 | E25: 44348 | F25: 82.9 | G25: 170.1 | H25: =F25+G25 -> 253
A26: 43588 | B26: 71.82 | C26: 181.18 | E26: 44531 | F26: 83.37 | G26: =253-F26 -> 169.63 | H26: =F26+G26 -> 253
A27: 41437 | B27: 71.75 | C27: 181.25 | E27: 44713 | F27: 83.83 | G27: 169.17 | H27: =F27+G27 -> 253
A28: 41471 | B28: 71.74 | C28: 181.26 | E28: 44896 | F28: 84.6 | G28: =253-F28 -> 168.4 | H28: =F28+G28 -> 253
A29: 41506 | B29: 72.02 | C29: 180.98 | E29: 45078 | F29: 85.17 | G29: =253-F29 -> 167.83 | H29: =F29+G29 -> 253
A30: 41555 | B30: 72.01 | C30: 180.99 | E30: 45261 | F30: 85.75 | G30: =253-F30 -> 167.25 | H30: =F30+G30 -> 253
A31: 41556 | B31: 71.96 | C31: 181.04 | E31: 45444 | F31: 86.33 | G31: =253-F31 -> 166.67 | H31: =F31+G31 -> 253
A32: 41617 | B32: 72.14 | C32: 180.86 | E32: 45627 | F32: 86.91 | G32: =253-F32 -> 166.09 | H32: =F32+G32 -> 253
A33: 41647 | B33: 72.12 | C33: 180.88 | E33: 45992 | F33: 88.06 | G33: =253-F33 -> 164.94 | H33: =F33+G33 -> 253
A34: 41683 | B34: 72.3 | C34: 180.7
A35: 41764 | B35: 72.52 | C35: 180.48
A36: 41793 | B36: 72.6 | C36: 180.4
A37: 41830 | B37: 72.81 | C37: 180.19
A38: 41877 | B38: 72.84 | C38: 180.16
A39: 41906 | B39: 73.01 | C39: 179.99
A40: 41936 | B40: 73.07 | C40: 179.93
A41: 41976 | B41: 72.6 | C41: 180.4
A42: 42009 | B42: 73.35 | C42: 179.65
A43: 42157 | B43: 73.79 | C43: 179.21
A44: 42220 | B44: 74.05 | C44: 178.95
A45: 42255 | B45: 74.17 | C45: 178.83
... A64: 44599 | B64: 83.83 | C64: 169.17

Sheet Morroa (Bremen) - # 44-IV-C-PZ-
A1: Morroa (Bremen) - # 44-IV-C-PZ-01 A | E1: Morroa (Bremen) - # 44-IV-C-PZ-01 A
A2: Fecha Medida | B2: Nivel Estático (m) | C2: Nivel Piezometrico | E2: Fecha Medida | F2: Nivel Estático (m) | G2: Nivel Piezometrico
A3: 37635 | B3: 5 | C3: 165 | E3: 40330 | F3: 5.71 | G3: 164.29 | H3: =F3+G3 -> 170
A4: 37720 | B4: 5.03 | C4: 164.97 | E4: 40513 | F4: 5.18 | G4: 164.82 | H4: =F4+G4 -> 170
A5: 37726 | B5: 4.98 | C5: 165.02 | E5: 40695 | F5: 4.77 | G5: 165.23 | H5: =F5+G5 -> 170
A6: 37732 | B6: 5.1 | C6: 164.9 | E6: 40878 | F6: 4.6 | G6: 165.4 | H6: =F6+G6 -> 170
A7: 37734 | B7: 5.06 | C7: 164.94 | E7: 41061 | F7: 4.65 | G7: 165.35 | H7: =F7+G7 -> 170
A8: 37735 | B8: 5.04 | C8: 164.96 | E8: 41244 | F8: 4.35 | G8: 165.65 | H8: =F8+G8 -> 170
A9: 37746 | B9: 4.45 | C9: 165.55 | E9: 41426 | F9: 4.85 | G9: 165.15 | H9: =F9+G9 -> 170
A10: 37749 | B10: 5.02 | C10: 164.98 | E10: 41609 | F10: 4.91 | G10: 165.09 | H10: =F10+G10 -> 170
A11: 37750 | B11: 5.12 | C11: 164.88 | E11: 41791 | F11: 5.05 | G11: 164.95 | H11: =F11+G11 -> 170
A12: 37755 | B12: 5.03 | C12: 164.97 | E12: 41974 | F12: 5.47 | G12: =170-F12 -> 164.53 | H12: =F12+G12 -> 170
A13: 37758 | B13: 5 | C13: 165 | E13: 42156 | F13: 5.89 | G13: 164.11 | H13: =F13+G13 -> 170
A14: 37768 | B14: 5.12 | C14: 164.88 | E14: 42339 | F14: 5.36 | G14: 164.64 | H14: =F14+G14 -> 170
A15: 37797 | B15: 4.96 | C15: 165.04 | E15: 42522 | F15: 5.63 | G15: 164.37 | H15: =F15+G15 -> 170
A16: 37811 | B16: 4.81 | C16: 165.19 | E16: 42705 | F16: 5.86 | G16: 164.14 | H16: =F16+G16 -> 170
A17: 37817 | B17: 4.7 | C17: 165.3 | E17: 42887 | F17: 5.92 | G17: 164.08 | H17: =F17+G17 -> 170
A18: 37824 | B18: 4.73 | C18: 165.27 | E18: 43070 | F18: 5.4 | G18: 164.6 | H18: =F18+G18 -> 170
A19: 37832 | B19: 4.7 | C19: 165.3 | E19: 43252 | F19: 5.46 | G19: =170-F19 -> 164.54 | H19: =F19+G19 -> 170
A20: 37839 | B20: 4.7 | C20: 165.3 | E20: 43435 | F20: 5.52 | G20: =170-F20 -> 164.48 | H20: =F20+G20 -> 170
A21: 37845 | B21: 4.73 | C21: 165.27 | E21: 43617 | F21: 5.58 | G21: 164.42 | H21: =F21+G21 -> 170
A22: 37873 | B22: 4.74 | C22: 165.26 | E22: 43800 | F22: 6.18 | G22: 163.82 | H22: =F22+G22 -> 170
A23: 38009 | B23: 4.41 | C23: 165.59 | E23: 43983 | F23: 5.52 | G23: 164.48 | H23: =F23+G23 -> 170
A24: 38016 | B24: 4.42 | C24: 165.58 | E24: 44166 | F24: 5.66 | G24: =170-F24 -> 164.34 | H24: =F24+G24 -> 170
A25: 38050 | B25: 4.45 | C25: 165.55 | E25: 44348 | F25: 5.81 | G25: =170-F25 -> 164.19 | H25: =F25+G25 -> 170
A26: 43588 | B26: 4.6 | C26: 165.4 | E26: 44531 | F26: 5.95 | G26: =170-F26 -> 164.05 | H26: =F26+G26 -> 170
A27: 38078 | B27: 4.8 | C27: 165.2 | E27: 44713 | F27: 5.81 | G27: =170-F27 -> 164.19 | H27: =F27+G27 -> 170
A28: 38090 | B28: 4.9 | C28: 165.1 | E28: 44896 | F28: 5.67 | G28: =170-F28 -> 164.33 | H28: =F28+G28 -> 170
A29: 38105 | B29: 4.85 | C29: 165.15 | E29: 45078 | F29: 5.52 | G29: =170-F29 -> 164.48 | H29: =F29+G29 -> 170
A30: 38133 | B30: 4.53 | C30: 165.47 | E30: 45261 | F30: 5.38 | G30: =170-F30 -> 164.62 | H30: =F30+G30 -> 170
A31: 38155 | B31: 4.65 | C31: 165.35 | E31: 45444 | F31: 5.24 | G31: =170-F31 -> 164.76 | H31: =F31+G31 -> 170
A32: 38161 | B32: 4.63 | C32: 165.37 | E32: 45627 | F32: 5.1 | G32: =170-F32 -> 164.9 | H32: =F32+G32 -> 170
A33: 38170 | B33: 4.6 | C33: 165.4 | E33: 45992 | F33: 4.81 | G33: =170-F33 -> 165.19 | H33: =F33+G33 -> 170
A34: 38197 | B34: 4.7 | C34: 165.3
A35: 38203 | B35: 4.67 | C35: 165.33
A36: 38209 | B36: 4.4 | C36: 165.6
A37: 38217 | B37: 4.68 | C37: 165.32
A38: 38230 | B38: 4.63 | C38: 165.37
A39: 38286 | B39: 4.58 | C39: 165.42
A40: 38313 | B40: 4.14 | C40: 165.86
A41: 38378 | B41: 4.3 | C41: 165.7
A42: 38404 | B42: 4.33 | C42: 165.67
A43: 38439 | B43: 4.41 | C43: 165.59
A44: 38446 | B44: 4.56 | C44: 165.44
A45: 38453 | B45: 4.62 | C45: 165.38
... A119: 43964 | B119: 5.52 | C119: 164.48
A120: 44600 | B120: 5.95
A121: 45595 | B121: 5.24

Sheet Bremen - # 44-IV-C-PZ-01 B
A1: Bremen - # 44-IV-C-PZ-01 B | F1: Bremen - # 44-IV-C-PZ-01 B
A2: Fecha Medida | B2: Nivel Estático (m) | C2: Nivel Piezometrico | F2: Fecha Medida | G2: Nivel Estático (m) | H2: Nivel Piezometrico
A3: 37635 | B3: 4.45 | C3: 165.55 | F3: 40330 | G3: 5.61 | H3: 164.39 | I3: =G3+H3 -> 170
A4: 37720 | B4: 4.55 | C4: 165.45 | F4: 40513 | G4: 4.66 | H4: 165.34 | I4: =G4+H4 -> 170
A5: 37726 | B5: 4.61 | C5: 165.39 | F5: 40695 | G5: 4.85 | H5: 165.15 | I5: =G5+H5 -> 170
A6: 37732 | B6: 4.41 | C6: 165.59 | F6: 40878 | G6: 4.76 | H6: 165.24 | I6: =G6+H6 -> 170
A7: 37734 | B7: 4.6 | C7: 165.4 | F7: 41061 | G7: 4.7 | H7: 165.3 | I7: =G7+H7 -> 170
A8: 37735 | B8: 4.63 | C8: 165.37 | F8: 41244 | G8: 4.94 | H8: 165.06 | I8: =G8+H8 -> 170
A9: 37746 | B9: 4.86 | C9: 165.14 | F9: 41426 | G9: 5.36 | H9: 164.64 | I9: =G9+H9 -> 170
A10: 37749 | B10: 4.99 | C10: 165.01 | F10: 41609 | G10: 4.73 | H10: 165.27 | I10: =G10+H10 -> 170
A11: 37750 | B11: 4.75 | C11: 165.25 | F11: 41791 | G11: 5.48 | H11: 164.52 | I11: =G11+H11 -> 170
A12: 37755 | B12: 4.45 | C12: 165.55 | F12: 41974 | G12: 5.61 | H12: 164.39 | I12: =G12+H12 -> 170
A13: 37758 | B13: 4.45 | C13: 165.55 | F13: 42156 | G13: 5.73 | H13: 164.27 | I13: =G13+H13 -> 170
A14: 37768 | B14: 4.45 | C14: 165.55 | F14: 42339 | G14: 5.61 | H14: 164.39 | I14: =G14+H14 -> 170
... A18: 37824 | B18: 4.95 | C18: 165.05 | F18: 43070 | G18: 4.71 | H18: 165.29 | I18: =G18+H18 -> 170
A19: 37832 | B19: 4.98 | C19: 165.02 | F19: 43252 | G19: 5.74 | H19: =170-G19 -> 164.26 | I19: =G19+H19 -> 170
A20: 37839 | B20: 5.7 | C20: 164.3 | F20: 43435 | G20: 5.67 | H20: =170-G20 -> 164.33 | I20: =G20+H20 -> 170
A21: 37845 | B21: 5.06 | C21: 164.94 | F21: 43617 | G21: 5.85 | H21: 164.15 | I21: =G21+H21 -> 170
A22: 37873 | B22: 5.2 | C22: 164.8 | F22: 43800 | G22: 6.4 | H22: 163.6 | I22: =G22+H22 -> 170
A23: 38009 | B23: 5.16 | C23: 164.84 | F23: 43983 | G23: 4.57 | H23: 165.43 | I23: =G23+H23 -> 170
A24: 38016 | B24: 5.12 | C24: 164.88 | F24: 44166 | G24: 5.73 | H24: =170-G24 -> 164.27 | I24: =G24+H24 -> 170
A25: 38050 | B25: 5.08 | C25: 164.92 | F25: 44348 | G25: 5.84 | H25: =170-G25 -> 164.16 | I25: =G25+H25 -> 170
A26: 43588 | B26: 5.37 | C26: 164.63 | F26: 44531 | G26: 5.77 | H26: =170-G26 -> 164.23 | I26: =G26+H26 -> 170
A27: 38078 | B27: 5.4 | C27: 164.6 | F27: 44713 | G27: 5.87 | H27: =170-G27 -> 164.13 | I27: =G27+H27 -> 170
A28: 38090 | B28: 5.48 | C28: 164.52 | F28: 44896 | G28: 5.8 | H28: =170-G28 -> 164.2 | I28: =G28+H28 -> 170
A29: 38105 | B29: 5.34 | C29: 164.66 | F29: 45078 | G29: 5.91 | H29: =170-G29 -> 164.09 | I29: =G29+H29 -> 170
A30: 38133 | B30: 4.9 | C30: 165.1 | F30: 45261 | G30: 5.84 | H30: =170-G30 -> 164.16 | I30: =G30+H30 -> 170
A31: 38155 | B31: 5.1 | C31: 164.9 | F31: 45444 | G31: 5.95 | H31: =170-G31 -> 164.05 | I31: =G31+H31 -> 170
A32: 38161 | B32: 5.16 | C32: 164.84 | F32: 45627 | G32: 5.94 | H32: =170-G32 -> 164.06 | I32: =G32+H32 -> 170
A33: 38170 | B33: 5.12 | C33: 164.88 | F33: 45992 | G33: 5.89 | H33: =170-G33 -> 164.11 | I33: =G33+H33 -> 170
A34: 38197 | B34: 5.05 | C34: 164.95
A35: 38203 | B35: 5.04 | C35: 164.96
A36: 38209 | B36: 5 | C36: 165
A37: 38217 | B37: 5.1 | C37: 164.9
A38: 38230 | B38: 5.15 | C38: 164.85
A39: 38286 | B39: 5.25 | C39: 164.75
A40: 38313 | B40: 5.09 | C40: 164.91
A41: 38378 | B41: 5.39 | C41: 164.61
A42: 38404 | B42: 5.42 | C42: 164.58
A43: 38439 | B43: 5.48 | C43: 164.52
A44: 38446 | B44: 5.62 | C44: 164.38
A45: 38453 | B45: 5.63 | C45: 164.37
... A119: 43964 | B119: 4.57 | C119: 165.43
A120: 45595 | B120: 5.94
B121: Bajo

Sheet Las Tinas (Morroa)A
A1: Las Tinas (Morroa)A | F1: Las Tinas (Morroa) - # 44-IV-C-PZ-02 A
A2: Fecha Medida | B2: Nivel Estático (m) | C2: Nivel Piezometrico | F2: Fecha Medida | G2: Nivel Estático (m) | H2: Nivel Piezometrico
A3: 37635 | B3: 28.58 | C3: 120.87 | F3: 40330 | G3: 37.63 | H3: 111.82 | I3: =G3+H3 -> 149.45
A4: 37720 | B4: 28.2 | C4: 121.25 | F4: 40513 | G4: 38.13 | H4: =149.45-G4 -> 111.32 | I4: =G4+H4 -> 149.45
A5: 37726 | B5: 28.3 | C5: 121.15 | F5: 40695 | G5: 38.521 | H5: =149.45-G5 -> 110.929 | I5: =G5+H5 -> 149.45
A6: 37732 | B6: 28.09 | C6: 121.36 | F6: 40878 | G6: 39.52 | H6: =149.45-G6 -> 109.93 | I6: =G6+H6 -> 149.45
A7: 37734 | B7: 28.42 | C7: 121.03 | F7: 41061 | G7: 39.04 | H7: 110.41 | I7: =G7+H7 -> 149.45
A8: 37735 | B8: 28.51 | C8: 120.94 | F8: 41244 | G8: 40.44 | H8: 109.01 | I8: =G8+H8 -> 149.45
A9: 37746 | B9: 28.35 | C9: 121.1 | F9: 41426 | G9: 40.78 | H9: 108.67 | I9: =G9+H9 -> 149.45
A10: 37748 | B10: 28.02 | C10: 121.43 | F10: 41609 | G10: 41.04 | H10: 108.41 | I10: =G10+H10 -> 149.45
A11: 37749 | B11: 28.06 | C11: 121.39 | F11: 41791 | G11: 41.56 | H11: 107.89 | I11: =G11+H11 -> 149.45
A12: 37750 | B12: 28.1 | C12: 121.35 | F12: 41974 | G12: 42.1 | H12: 107.35 | I12: =G12+H12 -> 149.45
A13: 37755 | B13: 28.69 | C13: 120.76 | F13: 42156 | G13: 42.51 | H13: 106.94 | I13: =G13+H13 -> 149.45
A14: 37758 | B14: 28.3 | C14: 121.15 | F14: 42339 | G14: 42.9 | H14: 106.55 | I14: =G14+H14 -> 149.45
A15: 37768 | B15: 26.93 | C15: 122.52 | F15: 42522 | G15: 43.65 | H15: 105.8 | I15: =G15+H15 -> 149.45
A16: 37797 | B16: 28.23 | C16: 121.22 | F16: 42705 | G16: 43.64 | H16: 105.81 | I16: =G16+H16 -> 149.45
A17: 37816 | B17: 27.96 | C17: 121.49 | F17: 42887 | G17: 43.45 | H17: 106 | I17: =G17+H17 -> 149.45
A18: 37817 | B18: 28.49 | C18: 120.96 | F18: 43070 | G18: 43.974 | H18: =149.45-G18 -> 105.476 | I18: =G18+H18 -> 149.45
A19: 37823 | B19: 28.51 | C19: 120.94 | F19: 43252 | G19: 44.05 | H19: =149.45-G19 -> 105.4 | I19: =G19+H19 -> 149.45
A20: 37830 | B20: 28.49 | C20: 120.96 | F20: 43435 | G20: 44.32 | H20: =149.45-G20 -> 105.13 | I20: =G20+H20 -> 149.45
A21: 37839 | B21: 28.52 | C21: 120.93 | F21: 43617 | G21: 44.39 | H21: =149.45-G21 -> 105.06 | I21: =G21+H21 -> 149.45
A22: 37846 | B22: 28.65 | C22: 120.8 | F22: 43800 | G22: 44.47 | H22: 104.98 | I22: =G22+H22 -> 149.45
A23: 37873 | B23: 28.45 | C23: 121 | F23: 43983 | G23: 53.37 | H23: 96.08 | I23: =G23+H23 -> 149.45
A24: 37901 | B24: 28.47 | C24: 120.98 | F24: 44166 | G24: 45.17 | H24: 104.28 | I24: =G24+H24 -> 149.45
A25: 38009 | B25: 28.64 | C25: 120.81 | F25: 44348 | G25: 45.2 | H25: =149.45-G25 -> 104.25 | I25: =G25+H25 -> 149.45
A26: 38110 | B26: 28.65 | C26: 120.8 | F26: 44531 | G26: 45.42 | H26: =149.45-G26 -> 104.03 | I26: =G26+H26 -> 149.45
A27: 38048 | B27: 28.68 | C27: 120.77 | F27: 44713 | G27: 45.62 | H27: =149.45-G27 -> 103.83 | I27: =G27+H27 -> 149.45
A28: 38058 | B28: 28.7 | C28: 120.75 | F28: 44896 | G28: 45.82 | H28: =149.45-G28 -> 103.63 | I28: =G28+H28 -> 149.45
A29: 38078 | B29: 28.71 | C29: 120.74 | F29: 45078 | G29: 46.03 | H29: =149.45-G29 -> 103.42 | I29: =G29+H29 -> 149.45
A30: 38090 | B30: 29.05 | C30: 120.4 | F30: 45261 | G30: 46.21 | H30: =149.45-G30 -> 103.24 | I30: =G30+H30 -> 149.45
A31: 38105 | B31: 29.05 | C31: 120.4 | F31: 45444 | G31: 46.43 | H31: =149.45-G31 -> 103.02 | I31: =G31+H31 -> 149.45
A32: 38117 | B32: 29.9 | C32: 119.55 | F32: 45627 | G32: 46.7 | H32: =149.45-G32 -> 102.75 | I32: =G32+H32 -> 149.45
A33: 38161 | B33: 28.84 | C33: 120.61 | F33: 45992 | G33: 47.04 | H33: =149.45-G33 -> 102.41 | I33: =G33+H33 -> 149.45
A34: 38189 | B34: 29.07 | C34: 120.38
A35: 38197 | B35: 29.12 | C35: 120.33
A36: 38203 | B36: 29.01 | C36: 120.44
A37: 38217 | B37: 29.1 | C37: 120.35
A38: 38231 | B38: 29.41 | C38: 120.04
A39: 38286 | B39: 29.02 | C39: 120.43
A40: 38308 | B40: 29.14 | C40: 120.31
A41: 38378 | B41: 29.27 | C41: 120.18
A42: 38404 | B42: 29.32 | C42: 120.13
A43: 38439 | B43: 29.88 | C43: 119.57
A44: 38446 | B44: 29.56 | C44: 119.89
A45: 38453 | B45: 29.62 | C45: 119.83
... A83: 42306 | B83: 42.79 | C83: 106.66
A84: 42353 | B84: =(B83+B85)/2 -> 42.845 | C84: 149.45
A85: 42387 | B85: 42.9 | C85: 106.55
A86: 42429 | B86: 42.98 | C86: 106.47
A87: 42471 | B87: 43.27 | C87: 106.18
A88: 42611 | B88: 43.65 | C88: 105.8
A89: 42781 | B89: 43.64 | C89: 105.81
A90: 42794 | B90: 43.45 | C90: 106
A91: 43559 | B91: 44.47 | C91: 104.98
A92: 43763 | B92: 53.37 | C92: 96.08
A93: 43971 | B93: 45.17 | C93: 104.28

Sheet Las Tinas (Morroa)B
A1: Las Tinas (Morroa) - # 44-IV-C-PZ-02 B | F1: Las Tinas (Morroa) - # 44-IV-C-PZ-02 B
A2: Fecha Medida | B2: Nivel Estático (m) | C2: Nivel Piezometrico | F2: Fecha Medida | G2: Nivel Estático (m) | H2: Nivel Piezometrico
A3: 37635 | B3: 3.13 | C3: 146.32 | F3: 40330 | G3: 2.7 | H3: 146.75 | I3: =G3+H3 -> 149.45
A4: 37720 | B4: 3.71 | C4: 145.74 | F4: 40513 | G4: 2.72 | H4: =149.45-G4 -> 146.73 | I4: =G4+H4 -> 149.45
A5: 37726 | B5: 3.23 | C5: 146.22 | F5: 40695 | G5: 2.75 | H5: =149.45-G5 -> 146.7 | I5: =G5+H5 -> 149.45
A6: 37732 | B6: 3.66 | C6: 145.79 | F6: 40878 | G6: 2.775 | H6: =149.45-G6 -> 146.675 | I6: =G6+H6 -> 149.45
A7: 37734 | B7: 3.66 | C7: 145.79 | F7: 41061 | G7: 2.8 | H7: 146.65 | I7: =G7+H7 -> 149.45
A8: 37735 | B8: 3.69 | C8: 145.76 | F8: 41244 | G8: 3.16 | H8: 146.29 | I8: =G8+H8 -> 149.45
A9: 37746 | B9: 3.32 | C9: 146.13 | F9: 41426 | G9: 3 | H9: 146.45 | I9: =G9+H9 -> 149.45
A10: 37748 | B10: 3.47 | C10: 145.98 | F10: 41609 | G10: 2.62 | H10: 146.83 | I10: =G10+H10 -> 149.45
A11: 37749 | B11: 3.49 | C11: 145.96 | F11: 41791 | G11: 2.94 | H11: 146.51 | I11: =G11+H11 -> 149.45
A12: 37750 | B12: 3.37 | C12: 146.08 | F12: 41974 | G12: 3 | H12: 146.45 | I12: =G12+H12 -> 149.45
A13: 37755 | B13: 3.41 | C13: 146.04 | F13: 42156 | G13: 3.3 | H13: 146.15 | I13: =G13+H13 -> 149.45
A14: 37758 | B14: 3.77 | C14: 145.68 | F14: 42339 | G14: 3.26 | H14: 146.19 | I14: =G14+H14 -> 149.45
A15: 37768 | B15: 3.54 | C15: 145.91 | F15: 42522 | G15: 3.04 | H15: 146.41 | I15: =G15+H15 -> 149.45
A16: 37797 | B16: 3.18 | C16: 146.27 | F16: 42705 | G16: 3.33 | H16: 146.12 | I16: =G16+H16 -> 149.45
A17: 37816 | B17: 2.96 | C17: 146.49 | F17: 42887 | G17: 3.06 | H17: 146.39 | I17: =G17+H17 -> 149.45
A18: 37817 | B18: 3.1 | C18: 146.35 | F18: 43070 | G18: 3.17 | H18: =149.45-G18 -> 146.28 | I18: =G18+H18 -> 149.45
A19: 37823 | B19: 3.15 | C19: 146.3 | F19: 43252 | G19: 3.104 | H19: =149.45-G19 -> 146.346 | I19: =G19+H19 -> 149.45
A20: 37830 | B20: 3.24 | C20: 146.21 | F20: 43435 | G20: 3.17 | H20: =149.45-G20 -> 146.28 | I20: =G20+H20 -> 149.45
A21: 37839 | B21: 3.2 | C21: 146.25 | F21: 43617 | G21: 3.23 | H21: 146.22 | I21: =G21+H21 -> 149.45
A22: 37846 | B22: 3.41 | C22: 146.04 | F22: 43800 | G22: 3.22 | H22: 141.07 | I22: =G22+H22 -> 144.29
A23: 37873 | B23: 3.48 | C23: 145.97 | F23: 43983 | G23: 3.1 | H23: 146.35 | I23: =G23+H23 -> 149.45
A24: 37901 | B24: 3.01 | C24: 146.44 | F24: 44166 | G24: 3.19 | H24: =149.45-G24 -> 146.26 | I24: =G24+H24 -> 149.45
A25: 38009 | B25: 3.43 | C25: 146.02 | F25: 44348 | G25: 3.13 | H25: =149.45-G25 -> 146.32 | I25: =G25+H25 -> 149.45
A26: 38110 | B26: 3.44 | C26: 146.01 | F26: 44531 | G26: 3.19 | H26: =149.45-G26 -> 146.26 | I26: =G26+H26 -> 149.45
A27: 38048 | B27: 3.49 | C27: 145.96 | F27: 44713 | G27: 3.136 | H27: =149.45-G27 -> 146.314 | I27: =G27+H27 -> 149.45
A28: 38058 | B28: 3.48 | C28: 145.97 | F28: 44896 | G28: 3.189 | H28: =149.45-G28 -> 146.261 | I28: =G28+H28 -> 149.45
A29: 38078 | B29: 3.5 | C29: 145.95 | F29: 45078 | G29: 3.18 | H29: =149.45-G29 -> 146.27 | I29: =G29+H29 -> 149.45
A30: 38090 | B30: 4.01 | C30: 145.44 | F30: 45261 | G30: 3.13 | H30: =149.45-G30 -> 146.32 | I30: =G30+H30 -> 149.45
A31: 38105 | B31: 3.73 | C31: 145.72 | F31: 45444 | G31: 3.16 | H31: =149.45-G31 -> 146.29 | I31: =G31+H31 -> 149.45
A32: 38117 | B32: 3.5 | C32: 145.95 | F32: 45627 | G32: 3.183 | H32: =149.45-G32 -> 146.267 | I32: =G32+H32 -> 149.45
A33: 38161 | B33: 2.74 | C33: 146.71 | F33: 45992 | G33: 3.198 | H33: =149.45-G33 -> 146.252 | I33: =G33+H33 -> 149.45
A34: 38189 | B34: 2.6 | C34: 146.85
A35: 38197 | B35: 2.55 | C35: 146.9
A36: 38203 | B36: 1.9 | C36: 147.55
A37: 38217 | B37: 2.03 | C37: 147.42
A38: 38231 | B38: 2.34 | C38: 147.11
A39: 38286 | B39: 2.38 | C39: 147.07
A40: 38308 | B40: 2.18 | C40: 147.27
A41: 38378 | B41: 2.55 | C41: 146.9
A42: 38404 | B42: 2.6 | C42: 146.85
A43: 38439 | B43: 2.69 | C43: 146.76
A44: 38446 | B44: 2.71 | C44: 146.74
A45: 38453 | B45: 2.66 | C45: 146.79
... A92: 43971 | B92: 3.1 | C92: 146.35

Sheet Arroyo salida a Betulia (Coroza
A1: Arroyo salida a Betulia (Corozal) - # 44-IV-D-PZ-01 A | F1: Arroyo salida a Betulia (Corozal) - # 44-IV-D-PZ-01 A
A2: Fecha Medida | B2: Nivel Estático (m) | C2: Nivel Piezometrico | F2: Fecha Medida | G2: Nivel Estático (m) | H2: Nivel Piezometrico
A3: 37657 | B3: 30.9 | C3: 113.03 | F3: 40330 | G3: 43.63 | H3: 100.3 | I3: =G3+H3 -> 143.93
A4: 37720 | B4: 29.04 | C4: 114.89 | F4: 40513 | G4: 44.21 | H4: 99.72 | I4: =G4+H4 -> 143.93
A5: 37726 | B5: 30.75 | C5: 113.18 | F5: 40695 | G5: 44.49 | H5: 99.44 | I5: =G5+H5 -> 143.93
A6: 37732 | B6: 29.47 | C6: 114.46 | F6: 40878 | G6: 43.95 | H6: 99.98 | I6: =G6+H6 -> 143.93
A7: 37734 | B7: 29.78 | C7: 114.15 | F7: 41061 | G7: 43.95 | H7: 99.98 | I7: =G7+H7 -> 143.93
A8: 37735 | B8: 28.9 | C8: 115.03 | F8: 41244 | G8: 45.76 | H8: 98.17 | I8: =G8+H8 -> 143.93
A9: 37746 | B9: 30.38 | C9: 113.55 | F9: 41426 | G9: 46.37 | H9: 97.56 | I9: =G9+H9 -> 143.93
A10: 37748 | B10: 30.35 | C10: 113.58 | F10: 41609 | G10: 46.98 | H10: 96.95 | I10: =G10+H10 -> 143.93
A11: 37749 | B11: 29.91 | C11: 114.02 | F11: 41791 | G11: 47.32 | H11: 96.61 | I11: =G11+H11 -> 143.93
A12: 37750 | B12: 28.53 | C12: 115.4 | F12: 41974 | G12: 47.66 | H12: 96.27 | I12: =G12+H12 -> 143.93
A13: 37755 | B13: 29.87 | C13: 114.06 | F13: 42156 | G13: 47.86 | H13: 96.07 | I13: =G13+H13 -> 143.93
A14: 37758 | B14: 30.29 | C14: 113.64 | F14: 42339 | G14: 48.63 | H14: 95.3 | I14: =G14+H14 -> 143.93
... A19: 37816 | B19: 28.98 | C19: 114.95 | F19: 43252 | G19: 51.17 | H19: 92.76 | I19: =G19+H19 -> 143.93
A20: 37817 | B20: 29.29 | C20: 114.64 | F20: 43435 | G20: 51.88 | H20: =143.93-G20 -> 92.05 | I20: =G20+H20 -> 143.93
A21: 37821 | B21: 29.02 | C21: 114.91 | F21: 43617 | G21: 51.89 | H21: 92.04 | I21: =G21+H21 -> 143.93
A22: 37825 | B22: 29.21 | C22: 114.72 | F22: 43800 | G22: 52.901 | H22: =143.93-G22 -> 91.029 | I22: =G22+H22 -> 143.93
A23: 37831 | B23: 29.29 | C23: 114.64 | F23: 43983 | G23: 53.42 | H23: 90.51 | I23: =G23+H23 -> 143.93
A24: 37839 | B24: 29.3 | C24: 114.63 | F24: 44166 | G24: 52.87 | H24: 91.06 | I24: =G24+H24 -> 143.93
A25: 37845 | B25: 29.32 | C25: 114.61 | F25: 44348 | G25: 54.27 | H25: =143.93-G25 -> 89.66 | I25: =G25+H25 -> 143.93
A26: 37744 | B26: 29.25 | C26: 114.68 | F26: 44531 | G26: 54.94 | H26: =143.93-G26 -> 88.99 | I26: =G26+H26 -> 143.93
A27: 37858 | B27: 29.29 | C27: 114.64 | F27: 44713 | G27: 54.87 | H27: 89.06 | I27: =G27+H27 -> 143.93
A28: 37865 | B28: 29.1 | C28: 114.83 | F28: 44896 | G28: 56.76 | H28: 87.17 | I28: =G28+H28 -> 143.93
A29: 37872 | B29: 30.1 | C29: 113.83 | F29: 45078 | G29: 56.311 | H29: =143.93-G29 -> 87.619 | I29: =G29+H29 -> 143.93
A30: 37873 | B30: 30 | C30: 113.93 | F30: 45261 | G30: 56.979 | H30: =143.93-G30 -> 86.951 | I30: =G30+H30 -> 143.93
A31: 37881 | B31: 29.95 | C31: 113.98 | F31: 45444 | G31: 57.33 | H31: =143.93-G31 -> 86.6 | I31: =G31+H31 -> 143.93
A32: 37895 | B32: 29.95 | C32: 113.98 | F32: 45627 | G32: 58.32 | H32: =143.93-G32 -> 85.61 | I32: =G32+H32 -> 143.93
A33: 37900 | B33: 29.97 | C33: 113.96 | F33: 45992 | G33: 59.02 | H33: =143.93-G33 -> 84.91 | I33: =G33+H33 -> 143.93
A34: 37937 | B34: 29.72 | C34: 114.21
A35: 37952 | B35: 29.65 | C35: 114.28
A36: 37993 | B36: 28.48 | C36: 115.45
A37: 38000 | B37: 28.66 | C37: 115.27
A38: 38009 | B38: 28.7 | C38: 115.23
A39: 38049 | B39: 29.54 | C39: 114.39
A40: 38061 | B40: 29.58 | C40: 114.35
A41: 38068 | B41: 29.6 | C41: 114.33
A42: 38078 | B42: 29.7 | C42: 114.23
A43: 38090 | B43: 29.8 | C43: 114.13
A44: 38107 | B44: 29.82 | C44: 114.11
A45: 38124 | B45: 29.8 | C45: 114.13
... A83: 38779 | B83: 35.94 | C83: 107.99
A84: 38817 | B84: =(B83+B85)/2 -> 35.575 | C84: 143.93
A85: 38825 | B85: 35.21 | C85: 108.72
A86: 38833 | B86: 35.12 | C86: 108.81
A87: 38844 | B87: 35.98 | C87: 107.95
A88: 38849 | B88: 35.44 | C88: 108.49
A89: 38860 | B89: 35.81 | C89: 108.12
A90: 38909 | B90: 35.42 | C90: 108.51
A91: 38929 | B91: 36.18 | C91: 107.75
A92: 38960 | B92: 35.92 | C92: 108.01
A93: 38974 | B93: 36.35 | C93: 107.58
A94: 38999 | B94: 36.85 | C94: 107.08
A95: 39085 | B95: 37.09 | C95: 106.84
A96: 39107 | B96: 36.98 | C96: 106.95
... A151: 41556 | B151: 46.57 | C151: 97.36
A152: 41617 | B152: =(B151+B153)/2 -> 46.775 | C152: 143.93
A153: 41647 | B153: 46.98 | C153: 96.95
A154: 41683 | B154: 47 | C154: 96.93
A155: 41731 | B155: 47.14 | C155: 96.79
A156: 41764 | B156: 47.34 | C156: 96.59
A157: 41793 | B157: 47.32 | C157: 96.61
A158: 41830 | B158: 47.47 | C158: 96.46
A159: 41877 | B159: 47.52 | C159: 96.41
A160: 41936 | B160: 47.49 | C160: 96.44
A161: 41976 | B161: 47.39 | C161: 96.54
A162: 42009 | B162: 47.66 | C162: 96.27
A163: 42107 | B163: 48.05 | C163: 95.88
A164: 42157 | B164: 47.86 | C164: 96.07
... A191: 44845 | B191: 56.76 | C191: 87.17
A192: 45595 | B192: 58.32

Sheet  (Corozal) - # 44-IV-D-PZ-01 B
A1: Arroyo salida a Betulia (Corozal) - # 44-IV-D-PZ-01 B | F1: Arroyo salida a Betulia (Corozal) - # 44-IV-D-PZ-01 B
A2: Fecha Medida | B2: Nivel Estático (m) | C2: Nivel Piezometrico | F2: Fecha Medida | G2: Nivel Estático (m) | H2: Nivel Piezometrico
A3: 37657 | B3: 6.57 | C3: 137.36 | F3: 40330 | G3: 7.55 | I3: =G3+H3 -> 7.55
A4: 37720 | B4: 6.84 | C4: 137.09 | F4: 40513 | G4: 7.6 | H4: 136.33 | I4: =G4+H4 -> 143.93
A5: 37726 | B5: 7.11 | C5: 136.82 | F5: 40695 | G5: 7.65 | H5: 136.28 | I5: =G5+H5 -> 143.93
A6: 37732 | B6: 6.85 | C6: 137.08 | F6: 40878 | G6: 6.94 | H6: 136.99 | I6: =G6+H6 -> 143.93
A7: 37734 | B7: 7.08 | C7: 136.85 | F7: 41061 | G7: 6.85 | H7: 137.08 | I7: =G7+H7 -> 143.93
A8: 37735 | B8: 7.15 | C8: 136.78 | F8: 41244 | G8: 6.94 | H8: =143.93-G8 -> 136.99 | I8: =G8+H8 -> 143.93
A9: 37746 | B9: 7.12 | C9: 136.81 | F9: 41426 | G9: 7.03 | H9: 136.9 | I9: =G9+H9 -> 143.93
A10: 37748 | B10: 6.92 | C10: 137.01 | F10: 41609 | G10: 7.18 | H10: =143.93-G10 -> 136.75 | I10: =G10+H10 -> 143.93
A11: 37749 | B11: 7.05 | C11: 136.88 | F11: 41791 | G11: 7.33 | H11: =143.93-G11 -> 136.6 | I11: =G11+H11 -> 143.93
A12: 37750 | B12: 6.79 | C12: 137.14 | F12: 41974 | G12: 7.51 | H12: =143.93-G12 -> 136.42 | I12: =G12+H12 -> 143.93
A13: 37755 | B13: 6.73 | C13: 137.2 | F13: 42156 | G13: 7.63 | H13: 136.3 | I13: =G13+H13 -> 143.93
A14: 37758 | B14: 6.78 | C14: 137.15 | F14: 42339 | G14: 7.28 | H14: =143.93-G14 -> 136.65 | I14: =G14+H14 -> 143.93
A15: 37768 | B15: 6.5 | C15: 137.43 | F15: 42522 | G15: 6.93 | H15: =143.93-G15 -> 137 | I15: =G15+H15 -> 143.93
A16: 37777 | B16: 7.2 | C16: 136.73 | F16: 42705 | G16: 6.58 | H16: 136 | I16: =G16+H16 -> 142.58
A17: 37797 | B17: 7.17 | C17: 136.76 | F17: 42887 | G17: 6.9 | H17: 135.8988 | I17: =G17+H17 -> 142.7988
A18: 37811 | B18: 7.46 | C18: 136.47 | F18: 43070 | G18: 6.91 | H18: 135.8966 | I18: =G18+H18 -> 142.8066
A19: 37816 | B19: 7.28 | C19: 136.65 | F19: 43252 | G19: 6.923 | H19: =143.93-G19 -> 137.007 | I19: =G19+H19 -> 143.93
A20: 37817 | B20: 7.36 | C20: 136.57 | F20: 43435 | G20: 6.936 | H20: =143.93-G20 -> 136.994 | I20: =G20+H20 -> 143.93
A21: 37821 | B21: 7.38 | C21: 136.55 | F21: 43617 | G21: 6.95 | H21: 135.8944 | I21: =G21+H21 -> 142.8444
A22: 37825 | B22: 7.48 | C22: 136.45 | F22: 43800 | G22: 7.11 | H22: =143.93-G22 -> 136.82 | I22: =G22+H22 -> 143.93
A23: 37831 | B23: 7.47 | C23: 136.46 | F23: 43983 | G23: 7.27 | H23: 135.879 | I23: =G23+H23 -> 143.149
A24: 37839 | B24: 7.43 | C24: 136.5 | F24: 44166 | G24: 7.07 | H24: =143.93-G24 -> 136.86 | I24: =G24+H24 -> 143.93
A25: 37845 | B25: 7.49 | C25: 136.44 | F25: 44348 | G25: 6.89 | H25: =-0.0011*(146)+136 -> 135.8394 | I25: =G25+H25 -> 142.7294
A26: 37744 | B26: 7.5 | C26: 136.43 | F26: 44531 | G26: 7.43 | H26: =-0.0011*(196)+136 -> 135.7844 | I26: =G26+H26 -> 143.2144
A27: 37858 | B27: 7.51 | C27: 136.42 | F27: 44713 | G27: 8.028 | H27: =143.93-G27 -> 135.902 | I27: =G27+H27 -> 143.93
A28: 37865 | B28: 7.6 | C28: 136.33 | F28: 44896 | G28: 8.63 | H28: =-0.0011*(296)+136 -> 135.6744 | I28: =G28+H28 -> 144.3044
A29: 37872 | B29: 7.5 | C29: 136.43 | F29: 45078 | G29: 8.35 | H29: =143.93-G29 -> 135.58 | I29: =G29+H29 -> 143.93
A30: 37873 | B30: 7.55 | C30: 136.38 | F30: 45261 | G30: 8.07 | H30: =143.93-G30 -> 135.86 | I30: =G30+H30 -> 143.93
A31: 37881 | B31: 7.57 | C31: 136.36 | F31: 45444 | G31: 7.79 | H31: =143.93-G31 -> 136.14 | I31: =G31+H31 -> 143.93
A32: 37895 | B32: 7.5 | C32: 136.43 | F32: 45627 | G32: 7.51 | H32: =143.93-G32 -> 136.42 | I32: =G32+H32 -> 143.93
A33: 37900 | B33: 7.6 | C33: 136.33 | F33: 45992 | G33: 7.67 | H33: =143.93-G33 -> 136.26 | I33: =G33+H33 -> 143.93
A34: 37937 | B34: 6.9 | C34: 137.03
A35: 37952 | B35: 6.18 | C35: 137.75
A36: 37993 | B36: 6.98 | C36: 136.95
A37: 38000 | B37: 6.78 | C37: 137.15
A38: 38009 | B38: 6.9 | C38: 137.03
A39: 38049 | B39: 6.94 | C39: 136.99
A40: 38061 | B40: 6.98 | C40: 136.95
A41: 38068 | B41: 6.97 | C41: 136.96
A42: 38078 | B42: 6.9 | C42: 137.03
A43: 38090 | B43: 7.12 | C43: 136.81
A44: 38107 | B44: 6.97 | C44: 136.96
A45: 38124 | B45: 6.92 | C45: 137.01
... A92: 42702 | B92: 6.58 | C92: 136
A93: 42865 | B93: 5.83 | C93: =-0.0011*(91)+136 -> 135.8999
A94: 42887 | B94: 6.9 | C94: =-0.0011*(92)+136 -> 135.8988
A95: 43011 | B95: 5.18 | C95: =-0.0011*(93)+136 -> 135.8977
A96: 43123 | B96: 6.91 | C96: =-0.0011*(94)+136 -> 135.8966
A97: 43558 | B97: 6.95 | C97: =-0.0011*(96)+136 -> 135.8944
A98: 44008 | B98: 7.27 | C98: =-0.0011*(110)+136 -> 135.879
A99: 43952 | B99: 7.38 | C99: =-0.0011*(96)+136 -> 135.8944
A100: 44440 | B100: 6.89 | C100: =-0.0011*(146)+136 -> 135.8394
A101: 44600 | B101: 7.43 | C101: =-0.0011*(196)+136 -> 135.7844
A102: 44845 | B102: 8.63 | C102: =-0.0011*(296)+136 -> 135.6744
A103: 45595 | B103: 7.51

Sheet Sabanas de cali (El Tesoro)
A1: Sabanas de cali (El Tesoro) - # 44-IV-D-PZ-02 | E1: Arroyo salida a Betulia (Corozal) - # 44-IV-D-PZ-01 B
A2: Fecha Medida | B2: Nivel Estático (m) | C2: Nivel Piezometrico | E2: Fecha Medida | F2: Nivel Estático (m) | G2: Nivel Piezometrico
A3: 37722 | B3: 83.41 | C3: 118.21 | E3: 40330 | F3: 91.2 | G3: 110.42 | H3: =F3+G3 -> 201.62
A4: 37726 | B4: 83.41 | C4: 118.21 | E4: 40513 | F4: 92.39 | G4: 109.23 | H4: =F4+G4 -> 201.62
A5: 37732 | B5: 83.21 | C5: 118.41 | E5: 40695 | F5: 92.43 | G5: 109.19 | H5: =F5+G5 -> 201.62
A6: 37734 | B6: 83.3 | C6: 118.32 | E6: 40878 | F6: 91.3 | G6: 110.32 | H6: =F6+G6 -> 201.62
A7: 37735 | B7: 83.22 | C7: 118.4 | E7: 41061 | F7: 91.15 | G7: 110.47 | H7: =F7+G7 -> 201.62
A8: 37739 | B8: 83.4 | C8: 118.22 | E8: 41244 | F8: 91.52 | G8: 110.1 | H8: =F8+G8 -> 201.62
A9: 37747 | B9: 83.25 | C9: 118.37 | E9: 41426 | F9: 92.42 | G9: 109.2 | H9: =F9+G9 -> 201.62
A10: 37748 | B10: 83.4 | C10: 118.22 | E10: 41609 | F10: 93.35 | G10: 108.27 | H10: =F10+G10 -> 201.62
A11: 37749 | B11: 83.53 | C11: 118.09 | E11: 41791 | F11: 94.15 | G11: 107.47 | H11: =F11+G11 -> 201.62
A12: 37750 | B12: 83.27 | C12: 118.35 | E12: 41974 | F12: 95.01 | G12: 106.61 | H12: =F12+G12 -> 201.62
A13: 37755 | B13: 83.34 | C13: 118.28 | E13: 42156 | F13: 96 | G13: 105.62 | H13: =F13+G13 -> 201.62
A14: 37768 | B14: 83.26 | C14: 118.36 | E14: 42339 | F14: 97.4 | G14: 104.22 | H14: =F14+G14 -> 201.62
... A22: 37819 | B22: 83.51 | C22: 118.11 | E22: 43800 | F22: 105.76 | G22: 95.86 | H22: =F22+G22 -> 201.62
A23: 37821 | B23: 83.57 | C23: 118.05 | E23: 43983 | F23: 105.57 | H23: =F23+G23 -> 105.57
A24: 37823 | B24: 83.59 | C24: 118.03 | E24: 44166 | F24: 105.38 | G24: 96.24 | H24: =F24+G24 -> 201.62
A25: 37824 | B25: 83.6 | C25: 118.02 | E25: 44348 | F25: 107.32 | G25: 94.3 | H25: =F25+G25 -> 201.62
A26: 37744 | B26: 83.63 | C26: 117.99 | E26: 44531 | F26: 108.6 | G26: 93.02 | H26: =F26+G26 -> 201.62
A27: 37826 | B27: 83.45 | C27: 118.17 | E27: 44713 | F27: 110.17 | G27: 91.45 | H27: =F27+G27 -> 201.62
A28: 37830 | B28: 83.6 | C28: 118.02 | E28: 44896 | F28: 110.78 | G28: 90.84 | H28: =F28+G28 -> 201.62
A29: 37831 | B29: 83.55 | C29: 118.07 | E29: 45078 | F29: 111.72 | H29: =F29+G29 -> 111.72
A30: 37832 | B30: 83.61 | C30: 118.01 | E30: 45261 | F30: 112.66 | H30: =F30+G30 -> 112.66
A31: 37837 | B31: 83.68 | C31: 117.94 | E31: 45444 | F31: 113.6 | H31: =F31+G31 -> 113.6
A32: 37845 | B32: 83.62 | C32: 118 | E32: 45627 | F32: 112.44 | H32: =F32+G32 -> 112.44
A33: 37853 | B33: 83.63 | C33: 117.99 | E33: 45809 | F33: 114.39 | H33: =F33+G33 -> 114.39
A34: 37858 | B34: 83.57 | C34: 118.05 | E34: 45992 | F34: 115.1 | H34: =F34+G34 -> 115.1
A35: 37865 | B35: 83.6 | C35: 118.02
A36: 37872 | B36: 83.61 | C36: 118.01
A37: 37873 | B37: 83.73 | C37: 117.89
A38: 37881 | B38: 83.78 | C38: 117.84
A39: 37886 | B39: 83.75 | C39: 117.87
A40: 37895 | B40: 83.85 | C40: 117.77
A41: 37900 | B41: 83.85 | C41: 117.77
A42: 37931 | B42: 83.68 | C42: 117.94
A43: 37937 | B43: 83.63 | C43: 117.99
A44: 37951 | B44: 83.99 | C44: 117.63
A45: 37985 | B45: 83.9 | C45: 117.72
A46: 37994 | B46: 83.95 | C46: 117.67
... A350: 44844 | B350: 110.78 | C350: 90.84
A351: 45292 | B351: 112.5
A352: 45449 | B352: 113.6
A353: 45638 | B353: 112.44
A354: 04/0$/2025 | B354: 114.39

Sheet Finca el tesoro - # 44-IV-D-PZ-
A1: Finca el tesoro - # 44-IV-D-PZ-04 | F1: Finca el tesoro - # 44-IV-D-PZ-04
A2: Fecha Medida | B2: Nivel Estático (m) | C2: Nivel Piezometrico | F2: Fecha Medida | G2: Nivel Estático (m) | H2: Nivel Piezometrico
A3: 37811 | B3: 57.9 | C3: 127.37 | F3: 40330 | G3: 59.72 | H3: 125.55 | I3: =G3+H3 -> 185.27
A4: 37817 | B4: 57.79 | C4: 127.48 | F4: 40513 | G4: 58.85 | H4: 126.42 | I4: =G4+H4 -> 185.27
A5: 37818 | B5: 57.77 | C5: 127.5 | F5: 40695 | G5: 57.99 | H5: 135.57 | I5: =G5+H5 -> 193.56
A6: 37819 | B6: 57.8 | C6: 127.47 | F6: 40878 | G6: 52.6 | H6: 135.57 | I6: =G6+H6 -> 188.17
A7: 37821 | B7: 57.89 | C7: 127.38 | F7: 41061 | G7: 58.05 | H7: 127.22 | I7: =G7+H7 -> 185.27
A8: 37823 | B8: 57.78 | C8: 127.49 | F8: 41244 | G8: 58.32 | H8: 126.95 | I8: =G8+H8 -> 185.27
A9: 37824 | B9: 57.8 | C9: 127.47 | F9: 41426 | G9: 59.36 | H9: 125.91 | I9: =G9+H9 -> 185.27
A10: 37825 | B10: 57.81 | C10: 127.46 | F10: 41609 | G10: 58.1 | H10: 127.17 | I10: =G10+H10 -> 185.27
A11: 37826 | B11: 57.76 | C11: 127.51 | F11: 41791 | G11: 59.2 | H11: 126.07 | I11: =G11+H11 -> 185.27
A12: 37830 | B12: 57.8 | C12: 127.47 | F12: 41974 | G12: 56.4 | H12: 128.87 | I12: =G12+H12 -> 185.27
A13: 37831 | B13: 57.83 | C13: 127.44 | F13: 42156 | G13: 59.58 | H13: 125.69 | I13: =G13+H13 -> 185.27
A14: 37832 | B14: 57.8 | C14: 127.47 | F14: 42339 | G14: 60.38 | H14: 124.89 | I14: =G14+H14 -> 185.27
... A23: 37886 | B23: 56.59 | C23: 128.68 | F23: 43983 | G23: 64.9 | H23: 120.37 | I23: =G23+H23 -> 185.27
A24: 37895 | B24: 56.66 | C24: 128.61 | F24: 44166 | G24: 64.59 | H24: =185.27-G24 -> 120.68 | I24: =G24+H24 -> 185.27
A25: 37900 | B25: 56.72 | C25: 128.55 | F25: 44348 | G25: 64.6 | H25: =185.27-G25 -> 120.67 | I25: =G25+H25 -> 185.27
A26: 37931 | B26: 56.22 | C26: 129.05 | F26: 44531 | G26: 65.43 | H26: =185.27-G26 -> 119.84 | I26: =G26+H26 -> 185.27
A27: 37937 | B27: 56.25 | C27: 129.02 | F27: 44713 | G27: 65.54 | H27: =185.27-G27 -> 119.73 | I27: =G27+H27 -> 185.27
A28: 37951 | B28: 56.45 | C28: 128.82 | F28: 44896 | G28: 67.06 | H28: =185.27-G28 -> 118.21 | I28: =G28+H28 -> 185.27
A29: 37985 | B29: 56.47 | C29: 128.8 | F29: 45078 | G29: 67.77 | H29: =185.27-G29 -> 117.5 | I29: =G29+H29 -> 185.27
A30: 37994 | B30: 56.46 | C30: 128.81 | F30: 45261 | G30: 67.39 | H30: =185.27-G30 -> 117.88 | I30: =G30+H30 -> 185.27
A31: 38000 | B31: 56.31 | C31: 128.96 | F31: 45444 | G31: 68.68 | H31: =185.27-G31 -> 116.59 | I31: =G31+H31 -> 185.27
A32: 38005 | B32: 56.41 | C32: 128.86 | F32: 45627 | G32: 67.61 | H32: =185.27-G32 -> 117.66 | I32: =G32+H32 -> 185.27
A33: 38014 | B33: 56.42 | C33: 128.85 | F33: 45809 | G33: 68.86 | H33: =185.27-G33 -> 116.41 | I33: =G33+H33 -> 185.27
A34: 38049 | B34: 56.25 | C34: 129.02 | F34: 45992 | G34: 68.69 | H34: =185.27-G34 -> 116.58 | I34: =G34+H34 -> 185.27
A35: 38076 | B35: 56.35 | C35: 128.92
A36: 38083 | B36: 56.32 | C36: 128.95
A37: 38096 | B37: 56.37 | C37: 128.9
A38: 38107 | B38: 56.37 | C38: 128.9
A39: 38119 | B39: 56.35 | C39: 128.92
A40: 38133 | B40: 56.25 | C40: 129.02
A41: 38141 | B41: 56.3 | C41: 128.97
A42: 38153 | B42: 56.13 | C42: 129.14
A43: 38155 | B43: 56.28 | C43: 128.99
A44: 38161 | B44: 55.96 | C44: 129.31
A45: 38183 | B45: 56.31 | C45: 128.96
A46: 38197 | B46: 56.4 | C46: 128.87
... A300: 44489 | B300: 64.6 | C300: 120.67
A301: 44593 | B301: 65.43
A302: 44743 | B302: 65.54
A303: 44846 | B303: 57.06
A304: 45292 | B304: 67.77
A305: 45449 | B305: 68.68
A306: 45638 | B306: 67.61
A307: 45751 | B307: 68.86
A345: 45627

Sheet Basurero Viejo, Pileta (Corozal
A1: Basurero Viejo, Pileta (Corozal) - # 52-II-B-PZ-01 A | F1: Basurero Viejo, Pileta (Corozal) - # 52-II-B-PZ-01 A
A2: Fecha Medida | B2: Nivel Estático (m) | C2: Nivel Piezometrico | F2: Fecha Medida | G2: Nivel Estático (m) | H2: Nivel Piezometrico
A3: 37617 | B3: 30.26 | C3: 134.39 | F3: 40330 | G3: 36.45 | H3: 128.2 | I3: =G3+H3 -> 164.65
A4: 37635 | B4: 30.84 | C4: 133.81 | F4: 40513 | G4: 35.44 | H4: 129.21 | I4: =G4+H4 -> 164.65
A5: 37642 | B5: 30.37 | C5: 134.28 | F5: 40695 | G5: 34.49 | H5: 130.16 | I5: =G5+H5 -> 164.65
A6: 37720 | B6: 30.28 | C6: 134.37 | F6: 40878 | G6: 34.29 | H6: 130.36 | I6: =G6+H6 -> 164.65
A7: 37726 | B7: 30.58 | C7: 134.07 | F7: 41061 | G7: 35.35 | H7: 129.3 | I7: =G7+H7 -> 164.65
A8: 37732 | B8: 30.36 | C8: 134.29 | F8: 41244 | G8: 36.125 | H8: 164.65 | I8: =G8+H8 -> 200.775
A9: 37734 | B9: 30.46 | C9: 134.19 | F9: 41426 | G9: 36.97 | H9: 127.68 | I9: =G9+H9 -> 164.65
A10: 37735 | B10: 30.58 | C10: 134.07 | F10: 41609 | G10: 37.15 | H10: 127.5 | I10: =G10+H10 -> 164.65
A11: 37746 | B11: 30.38 | C11: 134.27 | F11: 41791 | G11: 37.91 | H11: 126.74 | I11: =G11+H11 -> 164.65
A12: 37748 | B12: 30.31 | C12: 134.34 | F12: 41974 | G12: 37.65 | H12: 127 | I12: =G12+H12 -> 164.65
A13: 37749 | B13: 30.37 | C13: 134.28 | F13: 42156 | G13: 38 | H13: 126.65 | I13: =G13+H13 -> 164.65
A14: 37750 | B14: =(B13+B15)/2 -> 30.14 | C14: 134.65 | F14: 42339 | G14: 38.54 | H14: 126.11 | I14: =G14+H14 -> 164.65
A15: 37755 | B15: 29.91 | C15: 134.74 | F15: 42522 | G15: 39.34 | H15: 125.31 | I15: =G15+H15 -> 164.65
A16: 37758 | B16: 30.63 | C16: 134.02 | F16: 42705 | G16: 39.98 | H16: 124.67 | I16: =G16+H16 -> 164.65
A17: 37768 | B17: 30.76 | C17: 133.89 | F17: 42887 | G17: 39.9 | H17: 124.75 | I17: =G17+H17 -> 164.65
A18: 37777 | B18: 30.79 | C18: 133.86 | F18: 43070 | G18: 39.41 | H18: 125.24 | I18: =G18+H18 -> 164.65
A19: 37797 | B19: 31.15 | C19: 133.5 | F19: 43252 | G19: 40.19 | I19: =G19+H19 -> 40.19
A20: 37809 | B20: 31 | C20: 133.65 | F20: 43435 | G20: 40.14 | I20: =G20+H20 -> 40.14
A21: 37816 | B21: 30.78 | C21: 133.87 | F21: 43617 | G21: 40.09 | H21: 124.56 | I21: =G21+H21 -> 164.65
A22: 37817 | B22: 30.95 | C22: 133.7 | F22: 43800 | G22: 40.4 | H22: 124.25 | I22: =G22+H22 -> 164.65
A23: 37823 | B23: 30.88 | C23: 133.77 | F23: 43983 | G23: 41.47 | H23: =123.15 -> 123.15 | I23: =G23+H23 -> 164.62
A24: 37831 | B24: 31.01 | C24: 133.64 | F24: 44166 | G24: 41.21 | I24: =G24+H24 -> 41.21
A25: 37839 | B25: 31.15 | C25: 133.5 | F25: 44348 | G25: 42.14 | H25: 122.87 | I25: =G25+H25 -> 165.01
A26: 37845 | B26: 31.22 | C26: 133.43 | F26: 44531 | G26: 41.71 | I26: =G26+H26 -> 41.71
A27: 37873 | B27: 31.43 | C27: 133.22 | F27: 44713 | G27: 42.29 | I27: =G27+H27 -> 42.29
A28: 37901 | B28: 31.27 | C28: 133.38 | F28: 44896 | G28: 42.19 | I28: =G28+H28 -> 42.19
A29: 37936 | B29: 31.33 | C29: 133.32 | F29: 45078 | G29: 42.76 | I29: =G29+H29 -> 42.76
A30: 37951 | B30: 31.16 | C30: 133.49 | F30: 45261 | G30: 42.66 | I30: =G30+H30 -> 42.66
A31: 37993 | B31: 31.31 | C31: 133.34 | F31: 45444 | G31: 43.22 | I31: =G31+H31 -> 43.22
A32: 38078 | B32: 31.35 | C32: 133.3 | F32: 45627 | G32: 42.87 | I32: =G32+H32 -> 42.87
A33: 38105 | B33: 31.95 | C33: 132.7 | F33: 45809 | G33: 43.6 | I33: =G34+H33 -> 43.72
A34: 38117 | B34: 31.93 | C34: 132.72 | F34: 45992 | G34: 43.72 | I34: =#REF!+H34 -> #REF!
A35: 38133 | B35: 31.95 | C35: 132.7
A36: 38161 | B36: 31.81 | C36: 132.84
A37: 38170 | B37: 31.9 | C37: 132.75
A38: 38183 | B38: 31.99 | C38: 132.66
A39: 38197 | B39: 31.92 | C39: 132.73
A40: 38202 | B40: 31.62 | C40: 133.03
A41: 38217 | B41: 31.47 | C41: 133.18
A42: 38226 | B42: 31.12 | C42: 133.53
A43: 38231 | B43: 31.33 | C43: 133.32
A44: 38237 | B44: 31.1 | C44: 133.55
A45: 38246 | B45: 31.56 | C45: 133.09
A46: 38251 | B46: 31.55 | C46: 133.1
... A72: 38653 | B72: 33.72 | C72: 130.93
A73: 38665 | B73: =(B72+B74)/2 -> 33.83 | C73: 164.65
A74: 38687 | B74: 33.94 | C74: 130.71
A75: 38754 | B75: 33.74 | C75: 130.91
A76: 38779 | B76: 33.83 | C76: 130.82
A77: 38817 | B77: 33.96 | C77: 130.69
A78: 38825 | B78: 34.05 | C78: 130.6
A79: 38833 | B79: 34.01 | C79: 130.64
A80: 38844 | B80: 34.36 | C80: 130.29
A81: 38849 | B81: 34.12 | C81: 130.53
A82: 38855 | B82: 34.22 | C82: 130.43
A83: 38860 | B83: 34.19 | C83: 130.46
A84: 38909 | B84: 34.4 | C84: 130.25
A85: 38929 | B85: 34.48 | C85: 130.17
... A135: 41228 | B135: 35.75 | C135: 128.9
A136: 41278 | B136: =(B135+B137)/2 -> 36.125 | C136: 164.65
A137: 41368 | B137: 36.5 | C137: 128.15
A138: 41401 | B138: 36.79 | C138: 127.86
A139: 41437 | B139: 36.97 | C139: 127.68
A140: 41471 | B140: 36.99 | C140: 127.66
A141: 41506 | B141: 37.13 | C141: 127.52
A142: 41555 | B142: 37.18 | C142: 127.47
A143: 41556 | B143: 37.18 | C143: 127.47
A144: 41617 | B144: 37.15 | C144: 127.5
A145: 41647 | B145: 37.2 | C145: 127.45
A146: 41683 | B146: 37.24 | C146: 127.41
A147: 41731 | B147: 37.45 | C147: 127.2
A148: 41683 | B148: 37.24 | C148: 127.41
... A165: 42387 | B165: 38.81 | C165: 125.84
A166: 42429 | B166: =(B165+B167)/2 -> 38.89 | C166: 164.65
A167: 42471 | B167: 38.97 | C167: 125.68
A168: 42557 | B168: 39.34 | C168: 125.31
A169: 42591 | B169: 39.22 | C169: 125.43
A170: 42774 | B170: 39.98 | C170: 124.67
A171: 42865 | B171: 39.82 | C171: 124.83
A172: 42887 | B172: 39.9 | C172: 124.75
A173: 42955 | B173: 39.71 | C173: 124.94
A174: 43011 | B174: 39.57 | C174: 125.08
A175: 43123 | B175: 39.41 | C175: 125.24
A176: 43558 | B176: 40.09 | C176: 124.56
A177: 43697 | B177: 40.4 | C177: 124.25
A178: 43921 | B178: 41.01 | C178: =(C177+C179)/2 -> 123.95
A179: 43964 | B179: 41 | C179: 123.65
A180: 44008 | B180: 41.47 | C180: =123.15 -> 123.15
A181: 44440 | B181: 42.14 | C181: 122.87
A182: 45449 | B182: 42.87
A183: 45972 | B183: 43.72

Sheet Corozal - # 44-IV-D-PO-14
A1: Corozal - # 44-IV-D-PO-14 | F1: Corozal - # 44-IV-D-PO-14
A2: Fecha Medida | B2: Nivel Estático (m) | C2: Nivel Piezometrico | F2: Fecha Medida | G2: Nivel Estático (m) | H2: Nivel Piezometrico
A3: 37258 | B3: 49.2 | C3: 102.62 | F3: 40330 | G3: 62.6 | H3: 89.22 | I3: =G3+H3 -> 151.82
A4: 37326 | B4: 49.54 | C4: 102.28 | F4: 40513 | G4: 62.92 | H4: 88.9 | I4: =G4+H4 -> 151.82
A5: 37333 | B5: 49.52 | C5: 102.3 | F5: 40695 | G5: 62.9 | H5: 88.92 | I5: =G5+H5 -> 151.82
A6: 37341 | B6: 49.66 | C6: 102.16 | F6: 40878 | G6: 63.8 | H6: 88.02 | I6: =G6+H6 -> 151.82
A7: 37348 | B7: 49.47 | C7: 102.35 | F7: 41061 | G7: 63.24 | H7: 88.58 | I7: =G7+H7 -> 151.82
A8: 37354 | B8: 49.62 | C8: 102.2 | F8: 41244 | G8: 65 | H8: 86.82 | I8: =G8+H8 -> 151.82
A9: 37382 | B9: 48.92 | C9: 102.9 | F9: 41426 | G9: 65.7 | H9: 86.12 | I9: =G9+H9 -> 151.82
A10: 37390 | B10: 49.79 | C10: 102.03 | F10: 41609 | G10: 66.52 | H10: 85.3 | I10: =G10+H10 -> 151.82
A11: 37396 | B11: 49.02 | C11: 102.8 | F11: 41791 | G11: 67.32 | H11: 84.5 | I11: =G11+H11 -> 151.82
A12: 37413 | B12: 49.81 | C12: 102.01 | F12: 41974 | G12: 67.99 | H12: 83.83 | I12: =G12+H12 -> 151.82
A13: 37431 | B13: 49.1 | C13: 102.72 | F13: 42156 | G13: 68.64 | H13: 83.18 | I13: =G13+H13 -> 151.82
A14: 37440 | B14: 49.14 | C14: 102.68 | F14: 42339 | G14: 70.59 | H14: 81.23 | I14: =G14+H14 -> 151.82
... A22: 37494 | B22: 47.85 | C22: 103.97 | F22: 43800 | G22: 76.95 | H22: 74.87 | I22: =G22+H22 -> 151.82
A23: 37502 | B23: 48.13 | C23: 103.69 | F23: 43983 | G23: 78.99 | H23: =151.82-G23 -> 72.83 | I23: =G23+H23 -> 151.82
A24: 37513 | B24: 47.72 | C24: 104.1 | F24: 44166 | G24: 79.85 | H24: =151.82-G24 -> 71.97 | I24: =G24+H24 -> 151.82
A25: 37515 | B25: 47.33 | C25: 104.49 | F25: 44348 | G25: 80.97 | H25: =151.82-G25 -> 70.85 | I25: =G25+H25 -> 151.82
A26: 37522 | B26: 47.08 | C26: 104.74 | F26: 44531 | G26: 84.4 | H26: =151.82-G26 -> 67.42 | I26: =G26+H26 -> 151.82
A27: 37529 | B27: 47.15 | C27: 104.67 | F27: 44713 | G27: 82.15 | H27: =151.82-G27 -> 69.67 | I27: =G27+H27 -> 151.82
A28: 37537 | B28: 47.77 | C28: 104.05 | F28: 44896 | G28: 83.01 | H28: =151.82-G28 -> 68.81 | I28: =G28+H28 -> 151.82
A29: 37544 | B29: 47.79 | C29: 104.03 | F29: 45078 | G29: 83.24 | H29: =151.82-G29 -> 68.58 | I29: =G29+H29 -> 151.82
A30: 37551 | B30: 47.95 | C30: 103.87 | F30: 45261 | G30: 84.1 | H30: =151.82-G30 -> 67.72 | I30: =G30+H30 -> 151.82
A31: 37557 | B31: 47.97 | C31: 103.85 | F31: 45444 | G31: 83.91 | H31: =151.82-G31 -> 67.91 | I31: =G31+H31 -> 151.82
A32: 37567 | B32: 48.03 | C32: 103.79 | F32: 45627 | G32: 84.4 | H32: =151.82-G32 -> 67.42 | I32: =G32+H32 -> 151.82
A33: 37575 | B33: 47.28 | C33: 104.54 | F33: 45809 | G33: 84.49 | H33: =151.82-G33 -> 67.33 | I33: =G33+H33 -> 151.82
A34: 37578 | B34: 47.94 | C34: 103.88 | F34: 45992 | G34: 85.25 | H34: =151.82-G34 -> 66.57 | I34: =G34+H34 -> 151.82
A35: 37585 | B35: 47.9 | C35: 103.92
A36: 37592 | B36: 47.61 | C36: 104.21
A37: 37620 | B37: 47.18 | C37: 104.64
A38: 37629 | B38: 47.36 | C38: 104.46
A39: 37642 | B39: 47.67 | C39: 104.15
A40: 37651 | B40: 47.54 | C40: 104.28
A41: 37658 | B41: 47.9 | C41: 103.92
A42: 37720 | B42: 48.03 | C42: 103.79
A43: 37725 | B43: 48.2 | C43: 103.62
A44: 37733 | B44: 48.6 | C44: 103.22
A45: 37749 | B45: 48.15 | C45: 103.67
A46: 37750 | B46: 48.17 | C46: 103.65
... A229: 44440 | B229: 80.97 | C229: 70.85
A230: 45575 | B230: 84.4

Sheet Corozal - # 44-IV-D-PZ-20
A1: Corozal - # 44-IV-D-PZ-20 | F1: Corozal - # 44-IV-D-PZ-20
A2: Fecha Medida | B2: Nivel Estático (m) | C2: Nivel Piezometrico | F2: Fecha Medida | G2: Nivel Estático (m) | H2: Nivel Piezometrico
A3: 38364 | B3: 10.8 | C3: 130.58 | F3: 40330 | G3: 13 | H3: 128.38 | I3: =G3+H3 -> 141.38
A4: 38378 | B4: 10.94 | C4: 130.44 | F4: 40513 | G4: 11.6 | H4: =141.38-G4 -> 129.78 | I4: =G4+H4 -> 141.38
A5: 38442 | B5: 11.16 | C5: 130.22 | F5: 40695 | G5: 10.43 | H5: 130.95 | I5: =G5+H5 -> 141.38
A6: 38446 | B6: 11.03 | C6: 130.35 | F6: 40878 | G6: 10.55 | H6: =141.38-G6 -> 130.83 | I6: =G6+H6 -> 141.38
A7: 38453 | B7: 11.06 | C7: 130.32 | F7: 41061 | G7: 11 | H7: 130.38 | I7: =G7+H7 -> 141.38
A8: 38462 | B8: 11.28 | C8: 130.1 | F8: 41244 | G8: 10.94 | H8: 130.44 | I8: =G8+H8 -> 141.38
A9: 38467 | B9: 11.4 | C9: 129.98 | F9: 41426 | G9: 11.56 | H9: 129.82 | I9: =G9+H9 -> 141.38
A10: 38474 | B10: 11.32 | C10: 130.06 | F10: 41609 | G10: 11.37 | H10: 130.01 | I10: =G10+H10 -> 141.38
A11: 38524 | B11: 11.4 | C11: 129.98 | F11: 41791 | G11: 11.32 | H11: 130.06 | I11: =G11+H11 -> 141.38
A12: 38538 | B12: 11.2 | C12: 130.18 | F12: 41974 | G12: 11.22 | H12: 130.16 | I12: =G12+H12 -> 141.38
A13: 38596 | B13: 11.36 | C13: 130.02 | F13: 42156 | G13: 12.02 | H13: =141.38-G13 -> 129.36 | I13: =G13+H13 -> 141.38
A14: 38592 | B14: 11.41 | C14: 129.97 | F14: 42339 | G14: 12.59 | H14: =141.38-G14 -> 128.79 | I14: =G14+H14 -> 141.38
A15: 38629 | B15: 11.35 | C15: 130.03 | F15: 42522 | G15: 13.39 | H15: 127.99 | I15: =G15+H15 -> 141.38
A16: 38653 | B16: 11.04 | C16: 130.34 | F16: 42705 | G16: 13.36 | H16: =141.38-G16 -> 128.02 | I16: =G16+H16 -> 141.38
A17: 38665 | B17: 11.27 | C17: 130.11 | F17: 42887 | G17: 13.57 | H17: =141.38-G17 -> 127.81 | I17: =G17+H17 -> 141.38
A18: 38687 | B18: 11.3 | C18: 130.08 | F18: 43070 | G18: 13.54 | H18: =141.38-G18 -> 127.84 | I18: =G18+H18 -> 141.38
A19: 38740 | B19: 11.3 | C19: 130.08 | F19: 43252 | G19: 13.75 | H19: =141.38-G19 -> 127.63 | I19: =G19+H19 -> 141.38
A20: 38825 | B20: 10.29 | C20: 131.09 | F20: 43435 | G20: 13.72 | H20: =141.38-G20 -> 127.66 | I20: =G20+H20 -> 141.38
A21: 38833 | B21: 10.19 | C21: 131.19 | F21: 43617 | G21: 13.91 | H21: =141.38-G21 -> 127.47 | I21: =G21+H21 -> 141.38
A22: 38844 | B22: 11.08 | C22: 130.3 | F22: 43800 | G22: 13.99 | H22: =141.38-G22 -> 127.39 | I22: =G22+H22 -> 141.38
A23: 38849 | B23: 10.51 | C23: 130.87 | F23: 43983 | G23: 14.11 | H23: =141.38-G23 -> 127.27 | I23: =G23+H23 -> 141.38
A24: 38909 | B24: 11.03 | C24: 130.35 | F24: 44166 | G24: 14.07 | H24: =141.38-G24 -> 127.31 | I24: =G24+H24 -> 141.38
A25: 38960 | B25: 11.27 | C25: 130.11 | F25: 44348 | G25: 14.28 | H25: =141.38-G25 -> 127.1 | I25: =G25+H25 -> 141.38
A26: 38999 | B26: 11.13 | C26: 130.25 | F26: 44531 | G26: 14.25 | H26: =141.38-G26 -> 127.13 | I26: =G26+H26 -> 141.38
A27: 39107 | B27: 11.21 | C27: 130.17 | F27: 44713 | G27: 14.46 | H27: =141.38-G27 -> 126.92 | I27: =G27+H27 -> 141.38
... A34: 40777 | B34: 10.43 | C34: 130.95 | F34: 45992 | G34: 15.34 | H34: =141.38-G34 -> 126.04 | I34: =G34+H34 -> 141.38
A35: 41025 | B35: 11 | C35: 130.38
A36: 41235 | B36: 10.94 | C36: 130.44
A37: 41278 | B37: 11.16 | C37: 130.22
A38: 41401 | B38: 11.61 | C38: 129.77
A39: 41438 | B39: 11.56 | C39: 129.82
A40: 41471 | B40: 11.52 | C40: 129.86
A41: 41506 | B41: 11.4 | C41: 129.98
A42: 41617 | B42: 11.37 | C42: 130.01
A43: 41683 | B43: 11.25 | C43: 130.13
A44: 41764 | B44: 11.32 | C44: 130.06
A45: 41976 | B45: 11.22 | C45: 130.16
A46: 42471 | B46: 13.39 | C46: 127.99

Sheet Corozal - # 44-IV-D-PZ-22
A1: Corozal - # 44-IV-D-PZ-22 | F1: Corozal - # 44-IV-D-PZ-22
A2: Fecha Medida | B2: Nivel Estático (m) | C2: Nivel Piezometrico | F2: Fecha Medida | G2: Nivel Estático (m) | H2: Nivel Piezometrico
A3: 37244 | B3: 57.78 | C3: 101.46 | F3: 40330 | G3: 66.87 | H3: 92.37 | I3: =G3+H3 -> 159.24
A4: 37246 | B4: 57.78 | C4: 101.46 | F4: 40513 | G4: 67.24 | H4: 92 | I4: =G4+H4 -> 159.24
A5: 37251 | B5: 57.78 | C5: 101.46 | F5: 40695 | G5: 67.94 | H5: 91.3 | I5: =G5+H5 -> 159.24
A6: 37258 | B6: 57.8 | C6: 101.44 | F6: 40878 | G6: 67.4 | H6: 91.84 | I6: =G6+H6 -> 159.24
A7: 37270 | B7: 57.9 | C7: 101.34 | F7: 41061 | G7: 68 | H7: 91.24 | I7: =G7+H7 -> 159.24
A8: 37280 | B8: 57.7 | C8: 101.54 | F8: 41244 | G8: 69.1 | H8: 90.14 | I8: =G8+H8 -> 159.24
A9: 37299 | B9: 58.19 | C9: 101.05 | F9: 41426 | G9: 69.79 | H9: 89.45 | I9: =G9+H9 -> 159.24
A10: 37305 | B10: 58.11 | C10: 101.13 | F10: 41609 | G10: 70.79 | H10: 88.45 | I10: =G10+H10 -> 159.24
A11: 37312 | B11: 58.35 | C11: 100.89 | F11: 41791 | G11: 71.52 | H11: 87.72 | I11: =G11+H11 -> 159.24
A12: 37321 | B12: 58.09 | C12: 101.15 | F12: 41974 | G12: 72.55 | H12: 86.69 | I12: =G12+H12 -> 159.24
A13: 37326 | B13: 58.24 | C13: 101 | F13: 42156 | G13: 73.5 | H13: 85.74 | I13: =G13+H13 -> 159.24
A14: 37333 | B14: 58.44 | C14: 100.8 | F14: 42339 | G14: 74.4 | H14: 84.84 | I14: =G14+H14 -> 159.24
... A17: 37355 | B17: 58.63 | C17: 100.61 | F17: 42887 | G17: 75.77 | H17: 83.47 | I17: =G17+H17 -> 159.24
A18: 37382 | B18: 58.4 | C18: 100.84 | F18: 43070 | G18: 76.65 | H18: =159.24-G18 -> 82.59 | I18: =G18+H18 -> 159.24
A19: 37390 | B19: 58.67 | C19: 100.57 | F19: 43252 | G19: 77.56 | H19: =159.24-G19 -> 81.68 | I19: =G19+H19 -> 159.24
A20: 37396 | B20: 58.41 | C20: 100.83 | F20: 43435 | G20: 78.46 | H20: =159.24-G20 -> 80.78 | I20: =G20+H20 -> 159.24
A21: 37413 | B21: 58.61 | C21: 100.63 | F21: 43617 | G21: 79.36 | H21: 79.88 | I21: =G21+H21 -> 159.24
A22: 37421 | B22: 57.59 | C22: 101.65 | F22: 43800 | G22: 80.27 | H22: =159.24-G22 -> 78.97 | I22: =G22+H22 -> 159.24
A23: 37424 | B23: 57.6 | C23: 101.64 | F23: 43983 | G23: 80.5 | H23: =159.24-G23 -> 78.74 | I23: =G23+H23 -> 159.24
A24: 37431 | B24: 57.61 | C24: 101.63 | F24: 44166 | G24: 81.4 | H24: =159.24-G24 -> 77.84 | I24: =G24+H24 -> 159.24
A25: 37440 | B25: 58.06 | C25: 101.18 | F25: 44348 | G25: 81.93 | H25: =159.24-G25 -> 77.31 | I25: =G25+H25 -> 159.24
A26: 37379 | B26: 58.25 | C26: 100.99 | F26: 44531 | G26: 82.83 | H26: =159.24-G26 -> 76.41 | I26: =G26+H26 -> 159.24
A27: 37453 | B27: 58.38 | C27: 100.86 | F27: 44713 | G27: 83.37 | H27: =159.24-G27 -> 75.87 | I27: =G27+H27 -> 159.24
A28: 37459 | B28: 58.45 | C28: 100.79 | F28: 44896 | G28: 84.27 | H28: =159.24-G28 -> 74.97 | I28: =G28+H28 -> 159.24
A29: 37466 | B29: 58.42 | C29: 100.82 | F29: 45078 | G29: 84.81 | H29: =159.24-G29 -> 74.43 | I29: =G29+H29 -> 159.24
A30: 37474 | B30: 58.48 | C30: 100.76 | F30: 45261 | G30: 85.71 | H30: =159.24-G30 -> 73.53 | I30: =G30+H30 -> 159.24
A31: 37480 | B31: 58.6 | C31: 100.64 | F31: 45444 | G31: 86.27 | H31: =159.24-G31 -> 72.97 | I31: =G31+H31 -> 159.24
A32: 37488 | B32: 58.14 | C32: 101.1 | F32: 45627 | G32: 87.29 | H32: =159.24-G32 -> 71.95 | I32: =G32+H32 -> 159.24
A33: 37494 | B33: 58.17 | C33: 101.07 | F33: 45809 | G33: 87.33 | H33: =159.24-G33 -> 71.91 | I33: =G33+H33 -> 159.24
A34: 37502 | B34: 58.2 | C34: 101.04 | F34: 45992 | G34: 88.59 | H34: =159.24-G34 -> 70.65 | I34: =G34+H34 -> 159.24
A35: 37510 | B35: 58.33 | C35: 100.91
A36: 37515 | B36: 58.31 | C36: 100.93
A37: 37526 | B37: 58.3 | C37: 100.94
A38: 37530 | B38: 58.27 | C38: 100.97
A39: 37537 | B39: 58.31 | C39: 100.93
A40: 37545 | B40: 58.41 | C40: 100.83
A41: 37550 | B41: 58.45 | C41: 100.79
A42: 37558 | B42: 58.4 | C42: 100.84
A43: 37575 | B43: 58.49 | C43: 100.75
A44: 37579 | B44: 58.25 | C44: 100.99
A45: 37586 | B45: 57.9 | C45: 101.34
A46: 37593 | B46: 57.73 | C46: 101.51
... A193: 43559 | B193: 79.36 | C193: 79.88

Sheet Cantagallo
A1: Cantagallo - # 52-II-A-PZ-01 Corozal | F1: Cantagallo - # 52-II-A-PZ-01 Corozal
A2: Fecha Medida | B2: Nivel Estático (m) | C2: Nivel Piezometrico | F2: Fecha Medida | G2: Nivel Estático (m) | H2: Nivel Piezometrico
A3: 40214 | B3: 34.17 | C3: 136.83 | F3: 40330 | G3: 33.75 | H3: 137.25 | I3: =G3+H3 -> 171
A4: 40224 | B4: 33.81 | C4: 137.19 | F4: 40513 | G4: 33.9 | H4: 137.1 | I4: =G4+H4 -> 171
A5: 40235 | B5: 34.2 | C5: 136.8 | F5: 40695 | G5: 34.39 | H5: 136.61 | I5: =G5+H5 -> 171
A6: 40242 | B6: 34.8 | C6: 136.2 | F6: 40878 | G6: 34.54 | H6: 136.46 | I6: =G6+H6 -> 171
A7: 40287 | B7: 33.79 | C7: 137.21 | F7: 41061 | G7: 34.64 | H7: 136.36 | I7: =G7+H7 -> 171
A8: 40351 | B8: 33.75 | C8: 137.25 | F8: 41244 | G8: 34.74 | H8: 136.26 | I8: =G8+H8 -> 171
A9: 40305 | B9: 34.29 | C9: 136.71 | F9: 41426 | G9: 35.24 | H9: 135.76 | I9: =G9+H9 -> 171
A10: 40393 | B10: 33.84 | C10: 137.16 | F10: 41609 | G10: 35.72 | H10: 135.28 | I10: =G10+H10 -> 171
A11: 40417 | B11: 33.9 | C11: 137.1 | F11: 41791 | G11: 36.27 | H11: 134.73 | I11: =G11+H11 -> 171
A12: 40575 | B12: 33.53 | C12: 137.47 | F12: 41974 | G12: 36.97 | H12: 134.03 | I12: =G12+H12 -> 171
A13: 40679 | B13: 34.29 | C13: 136.71 | F13: 42156 | G13: 37.22 | H13: 133.78 | I13: =G13+H13 -> 171
A14: 40745 | B14: 34.39 | C14: 136.61 | F14: 42339 | G14: 37.97 | H14: 133.03 | I14: =G14+H14 -> 171
... A18: 40834 | B18: 34.45 | C18: 136.55 | F18: 43070 | G18: 39.61 | H18: 131.39 | I18: =G18+H18 -> 171
A19: 40864 | B19: 33.37 | C19: 137.63 | F19: 43252 | G19: 40.18 | I19: =G19+H19 -> 40.18
A20: 40911 | B20: 34.54 | C20: 136.46 | F20: 43435 | G20: 40.66 | I20: =G20+H20 -> 40.66
A21: 40934 | B21: 34.54 | C21: 136.46 | F21: 43617 | G21: 41.14 | I21: =G21+H21 -> 41.14
A22: 40963 | B22: 34.6 | C22: 136.4 | F22: 43800 | G22: 41.69 | I22: =G22+H22 -> 41.69
A23: 41059 | B23: 34.7 | C23: 136.3 | F23: 43983 | G23: 42.11 | I23: =G23+H23 -> 42.11
A24: 41073 | B24: 34.64 | C24: 136.36 | F24: 44166 | G24: 42.76 | I24: =G24+H24 -> 42.76
A25: 41228 | B25: 34.57 | C25: 136.43 | F25: 44348 | G25: 43.08 | I25: =G25+H25 -> 43.08
A26: 41278 | B26: 34.74 | C26: 136.26 | F26: 44531 | G26: 43.81 | I26: =G26+H26 -> 43.81
A27: 41368 | B27: 34.97 | C27: 136.03 | F27: 44713 | G27: 44.04 | H27: 126.96 | I27: =G27+H27 -> 171
A28: 41401 | B28: 35.14 | C28: 135.86 | F28: 44896 | G28: 44.86 | H28: 126.14 | I28: =G28+H28 -> 171
A29: 41437 | B29: 35.24 | C29: 135.76 | F29: 45078 | G29: 44.18 | I29: =G29+H29 -> 44.18
A30: 41471 | B30: 35.31 | C30: 135.69 | F30: 45261 | G30: 44.93 | I30: =G30+H30 -> 44.93
A31: 41506 | B31: 35.32 | C31: 135.68 | F31: 45444 | G31: 44.25 | I31: =G31+H31 -> 44.25
A32: 41556 | B32: 35.41 | C32: 135.59 | F32: 45627 | G32: 45 | I32: =G32+H32 -> 45
A33: 41617 | B33: 35.57 | C33: 135.43 | F33: 45809 | G33: 45.2 | I33: =G33+H33 -> 45.2
A34: 41647 | B34: 35.72 | C34: 135.28 | F34: 45992 | G34: 45.94 | I34: =G34+H34 -> 45.94
A35: 41683 | B35: 35.9 | C35: 135.1
A36: 41731 | B36: 35.92 | C36: 135.08
A37: 41764 | B37: 36.23 | C37: 134.77
A38: 41793 | B38: 36.27 | C38: 134.73
A39: 41830 | B39: 36.41 | C39: 134.59
A40: 41877 | B40: 36.52 | C40: 134.48
A41: 41906 | B41: 36.61 | C41: 134.39
A42: 41936 | B42: 36.7 | C42: 134.3
A43: 41976 | B43: 36.27 | C43: 134.73
A44: 42009 | B44: 36.97 | C44: 134.03
A45: 42107 | B45: 37.14 | C45: 133.86
A46: 42157 | B46: 37.22 | C46: 133.78
... A62: 44844 | B62: 44.86 | C62: 126.14
A63: 45575 | B63: 45
A64: 45972 | B64: 45.94
